Auditor File Name,AWS Service,Auditor Scan Description,NIST CSF Mapping,800-53,TSC,ISO
Amazon_APIGW_Auditor.py,API Gateway Stage,Are stage metrics enabled,NIST CSF DE.AE-3,"NIST SP 800-53 AU-6, NIST SP 800-53 CA-7, NIST SP 800-53 IR-4, NIST SP 800-53 IR-5, NIST SP 800-53 IR-8, NIST SP 800-53 SI-4",AICPA TSC CC7.2,"ISO 27001:2013 A.12.4.1, ISO 27001:2013 A.16.1.7"
Amazon_APIGW_Auditor.py,API Gateway Stage,Is stage API logging enabled,NIST CSF DE.AE-3,"NIST SP 800-53 AU-6, NIST SP 800-53 CA-7, NIST SP 800-53 IR-4, NIST SP 800-53 IR-5, NIST SP 800-53 IR-8, NIST SP 800-53 SI-4",AICPA TSC CC7.2,"ISO 27001:2013 A.12.4.1, ISO 27001:2013 A.16.1.7"
Amazon_APIGW_Auditor.py,API Gateway Stage,Is stage caching enabled,"NIST CSF ID.BE-5, NIST CSF PR.PT-5","NIST SP 800-53 CP-2, NIST SP 800-53 CP-11, NIST SP 800-53 SA-13, NIST SP 800-53 SA14","AICPA TSC CC3.1, AICPA TSC A1.2","ISO 27001:2013 A.11.1.4, ISO 27001:2013 A.17.1.1, ISO 27001:2013 A.17.1.2, ISO 27001:2013 A.17.2.1"
Amazon_APIGW_Auditor.py,API Gateway Stage,Is cache encryption enabled,NIST CSF PR.DS-1,"NIST SP 800-53 MP-8, NIST SP 800-53 SC-12, NIST SP 800-53 SC-28",AICPA TSC CC6.1,ISO 27001:2013 A.8.2.3
Amazon_APIGW_Auditor.py,API Gateway Stage,Is stage xray tracing configured,NIST CSF DE.AE-3,"NIST SP 800-53 AU-6, NIST SP 800-53 CA-7, NIST SP 800-53 IR-4, NIST SP 800-53 IR-5, NIST SP 800-53 IR-8, NIST SP 800-53 SI-4",AICPA TSC CC7.2,"ISO 27001:2013 A.12.4.1, ISO 27001:2013 A.16.1.7"
Amazon_APIGW_Auditor.py,API Gateway Stage,Is the stage protected by a WAF WACL,NIST CSF DE.AE-2,"NIST SP 800-53 AU-6, NIST SP 800-53 CA-7, NIST SP 800-53 IR-4, NIST SP 800-53 SI-4",AICPA TSC CC7.2,"ISO 27001:2013 A.12.4.1, ISO 27001:2013 A.16.1.1, ISO 27001:2013 A.16.1.4"
Amazon_AppStream_Auditor.py,AppStream 2.0 (Fleets),Do Fleets allow Default Internet Access,NIST CSF PR.AC-5,"NIST SP 800-53 AC-4, NIST SP 800-53 AC-10, NIST SP 800-53 SC-7",AICPA TSC CC6.1,"ISO 27001:2013 A.13.1.1, ISO 27001:2013 A.13.1.3, ISO 27001:2013 A.13.2.1, ISO 27001:2013 A.14.1.2, ISO 27001:2013 A.14.1.3"
Amazon_AppStream_Auditor.py,AppStream 2.0 (Images),Are Images Public,NIST CSF PR.AC-3,"NIST SP 800-53 AC-1, NIST SP 800-53 AC-17, NIST SP 800-53 AC-19, NIST SP 800-53 AC-20, NIST SP 800-53 SC-15",AICPA TSC CC6.6,"ISO 27001:2013 A.6.2.1, ISO 27001:2013 A.6.2.2, ISO 27001:2013 A.11.2.6, ISO 27001:2013 A.13.1.1, ISO 27001:2013 A.13.2.1"
Amazon_AppStream_Auditor.py,AppStream 2.0 (Users),Are users reported as Compromised,"NIST CSF ID.RA-3, NIST CSF DE.CM-7","NIST SP 800-53 AU-12, NIST SP 800-53 CA-7, NIST SP 800-53 CM-3, NIST SP 800-53 CM-8, NIST SP 800-53 PE-3, NIST SP 800-53 PE-6, NIST SP 800-53 PE-20, NIST SP 800-53 PM-12, NIST SP 800-53 PM-16, NIST SP 800-53 RA-3, NIST SP 800-53 SI-4, NIST SP 800-53 SI-5","AICPA TSC CC3.2, AICPA TSC CC7.2","ISO 27001:2013 Clause 6.1.2, ISO 27001:2013 A.12.4.1, ISO 27001:2013 A.14.2.7, ISO 27001:2013 A.15.2.1"
Amazon_AppStream_Auditor.py,AppStream 2.0 (Users),Do users use SAML authentication,NIST CSF PR.AC-6,"NIST SP 800-53 AC-1, NIST SP 800-53 AC-2, NIST SP 800-53 AC-3, NIST SP 800-53 AC-16, NIST SP 800-53 AC-19, NIST SP 800-53 AC-24, NIST SP 800-53 IA-1, NIST SP 800-53 IA-2, NIST SP 800-53 IA-4, NIST SP 800-53 IA-5, NIST SP 800-53 IA-8, NIST SP 800-53 PE-2, NIST SP 800-53 PS-3",AICPA TSC CC6.1,"ISO 27001:2013 A.7.1.1, ISO 27001:2013 A.9.2.1"
Amazon_CognitoIdP_Auditor.py,Cognito Identity Pool,Does the Password policy comply with AWS CIS Foundations Benchmark,NIST CSF PR.AC-1,"NIST SP 800-53 AC-1, NIST SP 800-53 AC-2, NIST SP 800-53 IA-1, NIST SP 800-53 IA-2, NIST SP 800-53 IA-3, NIST SP 800-53 IA-4, NIST SP 800-53 IA-5, NIST SP 800-53 IA-6, NIST SP 800-53 IA-7, NIST SP 800-53 IA-8, NIST SP 800-53 IA-9, NIST SP 800-53 IA-10, NIST SP 800-53 IA-11","AICPA TSC CC6.1, AICPA TSC CC6.2","ISO 27001:2013 A.9.2.1, ISO 27001:2013 A.9.2.2, ISO 27001:2013 A.9.2.3, ISO 27001:2013 A.9.2.4, ISO 27001:2013 A.9.2.6, ISO 27001:2013 A.9.3.1, ISO 27001:2013 A.9.4.2, ISO 27001:2013 A.9.4.3"
Amazon_CognitoIdP_Auditor.py,Cognito Identity Pool,Cognito Temporary Password Age,NIST CSF PR.AC-1,"NIST SP 800-53 AC-1, NIST SP 800-53 AC-2, NIST SP 800-53 IA-1, NIST SP 800-53 IA-2,
NIST SP 800-53 IA-3, NIST SP 800-53 IA-4, NIST SP 800-53 IA-5, NIST SP 800-53 IA-6, NIST SP 800-53 IA-7, NIST SP 800-53 IA-8, NIST SP 800-53 IA-9, NIST SP 800-53 IA-10,
NIST SP 800-53 IA-11","AICPA TSC CC6.1, AICPA TSC CC6.2","ISO 27001:2013 A.9.2.1, ISO 27001:2013 A.9.2.2, ISO 27001:2013 A.9.2.3, ISO 27001:2013 A.9.2.4, ISO 27001:2013 A.9.2.6, ISO 27001:2013 A.9.3.1, ISO 27001:2013 A.9.4.2, ISO 27001:2013 A.9.4.3"
Amazon_CognitoIdP_Auditor.py,Cognito Identity Pool,Does the Identity pool enforce MFA,NIST CSF PR.AC-1,"NIST SP 800-53 AC-1, NIST SP 800-53 AC-2, NIST SP 800-53 IA-1, NIST SP 800-53 IA-2,
NIST SP 800-53 IA-3, NIST SP 800-53 IA-4, NIST SP 800-53 IA-5, NIST SP 800-53 IA-6, NIST SP 800-53 IA-7, NIST SP 800-53 IA-8, NIST SP 800-53 IA-9, NIST SP 800-53 IA-10,
NIST SP 800-53 IA-11","AICPA TSC CC6.1, AICPA TSC CC6.2","ISO 27001:2013 A.9.2.1, ISO 27001:2013 A.9.2.2, ISO 27001:2013 A.9.2.3, ISO 27001:2013 A.9.2.4, ISO 27001:2013 A.9.2.6, ISO 27001:2013 A.9.3.1, ISO 27001:2013 A.9.4.2, ISO 27001:2013 A.9.4.3"
Amazon_DocumentDB_Auditor.py,DocumentDB Instance,Are Instances publicly accessible,NIST CSF PR.AC-3,"NIST SP 800-53 AC-1, NIST SP 800-53 AC-17, NIST SP 800-53 AC-19, NIST SP 800-53 AC-20, NIST SP 800-53 SC-15",AICPA TSC CC6.6,"ISO 27001:2013 A.6.2.1, ISO 27001:2013 A.6.2.2, ISO 27001:2013 A.11.2.6, ISO 27001:2013 A.13.1.1, ISO 27001:2013 A.13.2.1"
Amazon_DocumentDB_Auditor.py,DocumentDB Instance,Are Instance encrypted,NIST CSF PR.DS-1,"NIST SP 800-53 MP-8, NIST SP 800-53 SC-12, NIST SP 800-53 SC-28",AICPA TSC CC6.1,ISO 27001:2013 A.8.2.3
Amazon_DocumentDB_Auditor.py,DocumentDB Instance,Is audit logging enabled,NIST CSF DE.AE-3,"NIST SP 800-53 AU-6, NIST SP 800-53 CA-7, NIST SP 800-53 IR-4, NIST SP 800-53 IR-5, NIST SP 800-53 IR-8, NIST SP 800-53 SI-4",AICPA TSC CC7.2,"ISO 27001:2013 A.12.4.1, ISO 27001:2013 A.16.1.7"
Amazon_DocumentDB_Auditor.py,DocumentDB Cluster,Is the Cluster configured for HA,"NIST CSF ID.BE-5, NIST CSF PR.PT-5","NIST SP 800-53 CP-2, NIST SP 800-53 CP-11, NIST SP 800-53 SA-13, NIST SP 800-53 SA14","AICPA TSC CC3.1, AICPA TSC A1.2","ISO 27001:2013 A.11.1.4, ISO 27001:2013 A.17.1.1, ISO 27001:2013 A.17.1.2, ISO 27001:2013 A.17.2.1"
Amazon_DocumentDB_Auditor.py,DocumentDB Cluster,Is the Cluster deletion protected,"NIST CSF ID.BE-5, NIST CSF PR.PT-5","NIST SP 800-53 CP-2, NIST SP 800-53 CP-7, NIST SP 800-53 CP-8, NIST SP 800-53 CP-11, NIST SP 800-53 CP-13, NIST SP 800-53 PL-8, NIST SP 800-53 SA-13, NIST SP 800-53 SA-14, NIST SP 800-53 SC-6","AICPA TSC A1.2, AICPA TSC CC3.1","ISO 27001:2013 A.11.1.4, ISO 27001:2013 A.17.1.1, ISO 27001:2013 A.17.1.2, ISO 27001:2013 A.17.2.1"
Amazon_DocumentDB_Auditor.py,DocumentDB Cluster,Is cluster audit logging on,NIST CSF DE.AE-3,"NIST SP 800-53 AU-6, NIST SP 800-53 CA-7, NIST SP 800-53 IR-4, NIST SP 800-53 IR-5, NIST SP 800-53 IR-8, NIST SP 800-53 SI-4",AICPA TSC CC7.2,"ISO 27001:2013 A.12.4.1, ISO 27001:2013 A.16.1.7"
Amazon_DocumentDB_Auditor.py,DocumentDB Cluster,Is cluster TLS enforcement on,NIST CSF PR.DS-2,"NIST SP 800-53 SC-8, NIST SP 800-53 SC-11, NIST SP 800-53 SC-12",AICPA TSC CC6.1,"ISO 27001:2013 A.8.2.3, ISO 27001:2013 A.13.1.1, ISO 27001:2013 A.13.2.1, ISO 27001:2013 A.13.2.3, ISO 27001:2013 A.14.1.2, ISO 27001:2013 A.14.1.3"
Amazon_DocumentDB_Auditor.py,DocDB Snapshot,Are docdb cluster snapshots encrypted,NIST CSF PR.DS-1,"NIST SP 800-53 MP-8, NIST SP 800-53 SC-12, NIST SP 800-53 SC-28",AICPA TSC CC6.1,ISO 27001:2013 A.8.2.3
Amazon_DocumentDB_Auditor.py,DocDB Snapshot,Are docdb cluster snapshots public,NIST CSF PR.AC-3,"NIST SP 800-53 AC-1, NIST SP 800-53 AC-17, NIST SP 800-53 AC-19, NIST SP 800-53 AC-20, NIST SP 800-53 SC-15",AICPA TSC CC6.6,"ISO 27001:2013 A.6.2.1, ISO 27001:2013 A.6.2.2, ISO 27001:2013 A.11.2.6, ISO 27001:2013 A.13.1.1, ISO 27001:2013 A.13.2.1"
Amazon_EBS_Auditor.py,EBS Volume,Is the Volume attached,NIST CSF ID.AM-2,"NIST SP 800-53 CM-8, NIST SP 800-53 PM-5","AICPA TSC CC3.2, AICPA TSC CC6.1","ISO 27001:2013 A.8.1.1, ISO 27001:2013 A.8.1.2, ISO 27001:2013 A.12.5.1"
Amazon_EBS_Auditor.py,EBS Volume,Is the Volume configured to be deleted on instance termination,NIST CSF ID.AM-2,"NIST SP 800-53 CM-8, NIST SP 800-53 PM-5","AICPA TSC CC3.2, AICPA TSC CC6.1","ISO 27001:2013 A.8.1.1, ISO 27001:2013 A.8.1.2, ISO 27001:2013 A.12.5.1"
Amazon_EBS_Auditor.py,EBS Volume,Is the Volume encrypted,NIST CSF PR.DS-1,"NIST SP 800-53 MP-8, NIST SP 800-53 SC-12, NIST SP 800-53 SC-28",AICPA TSC CC6.1,ISO 27001:2013 A.8.2.3
Amazon_EBS_Auditor.py,EBS Snapshot,Is the Snapshot encrypted,NIST CSF PR.DS-1,"NIST SP 800-53 MP-8, NIST SP 800-53 SC-12, NIST SP 800-53 SC-28",AICPA TSC CC6.1,ISO 27001:2013 A.8.2.3
Amazon_EBS_Auditor.py,EBS Snapshot,Is the Snapshot public,NIST CSF PR.AC-3,"NIST SP 800-53 AC-1, NIST SP 800-53 AC-17, NIST SP 800-53 AC-19, NIST SP 800-53 AC-20, NIST SP 800-53 SC-15",AICPA TSC CC6.6,"ISO 27001:2013 A.6.2.1, ISO 27001:2013 A.6.2.2, ISO 27001:2013 A.11.2.6, ISO 27001:2013 A.13.1.1, ISO 27001:2013 A.13.2.1"
Amazon_EBS_Auditor.py,Account,Is account level encryption by default enabled,NIST CSF PR.DS-1,"NIST SP 800-53 MP-8, NIST SP 800-53 SC-12, NIST SP 800-53 SC-28",AICPA TSC CC6.1,ISO 27001:2013 A.8.2.3
Amazon_EC2_Auditor.py,EC2 Instance,Is IMDSv2 enabled,NIST CSF PR.AC-4,"NIST SP 800-53 AC-1, NIST SP 800-53 AC-2, NIST SP 800-53 AC-3, NIST SP 800-53 AC5, NIST SP 800-53 AC-6, NIST SP 800-53 AC-14, NIST SP 800-53 AC-16, NIST SP 800-53 AC-24",AICPA TSC CC6.3,"ISO 27001:2013 A.6.1.2, ISO 27001:2013 A.9.1.2, ISO 27001:2013 A.9.2.3, ISO 27001:2013 A.9.4.1, ISO 27001:2013 A.9.4.4, ISO 27001:2013 A.9.4.5"
Amazon_EC2_Security_Group_Auditor.py,Security Group,Are all ports (-1) open to the internet,NIST CSF PR.AC-3,"NIST SP 800-53 AC-1, NIST SP 800-53 AC-17, NIST SP 800-53 AC-19, NIST SP 800-53 AC-20, NIST SP 800-53 SC-15",AICPA TSC CC6.6,"ISO 27001:2013 A.6.2.1, ISO 27001:2013 A.6.2.2, ISO 27001:2013 A.11.2.6, ISO 27001:2013 A.13.1.1, ISO 27001:2013 A.13.2.1"
Amazon_EC2_Security_Group_Auditor.py,Security Group,Is FTP (tcp20-21) open to the internet,NIST CSF PR.AC-3,"NIST SP 800-53 AC-1, NIST SP 800-53 AC-17, NIST SP 800-53 AC-19, NIST SP 800-53 AC-20, NIST SP 800-53 SC-15",AICPA TSC CC6.6,"ISO 27001:2013 A.6.2.1, ISO 27001:2013 A.6.2.2, ISO 27001:2013 A.11.2.6, ISO 27001:2013 A.13.1.1, ISO 27001:2013 A.13.2.1"
Amazon_EC2_Security_Group_Auditor.py,Security Group,Is TelNet (tcp23) open to the internet,NIST CSF PR.AC-3,"NIST SP 800-53 AC-1, NIST SP 800-53 AC-17, NIST SP 800-53 AC-19, NIST SP 800-53 AC-20, NIST SP 800-53 SC-15",AICPA TSC CC6.6,"ISO 27001:2013 A.6.2.1, ISO 27001:2013 A.6.2.2, ISO 27001:2013 A.11.2.6, ISO 27001:2013 A.13.1.1, ISO 27001:2013 A.13.2.1"
Amazon_EC2_Security_Group_Auditor.py,Security Group,Is WSDCOM-RPC (tcp135) open to the internet,NIST CSF PR.AC-3,"NIST SP 800-53 AC-1, NIST SP 800-53 AC-17, NIST SP 800-53 AC-19, NIST SP 800-53 AC-20, NIST SP 800-53 SC-15",AICPA TSC CC6.6,"ISO 27001:2013 A.6.2.1, ISO 27001:2013 A.6.2.2, ISO 27001:2013 A.11.2.6, ISO 27001:2013 A.13.1.1, ISO 27001:2013 A.13.2.1"
Amazon_EC2_Security_Group_Auditor.py,Security Group,Is SMB (tcp445) open to the internet,NIST CSF PR.AC-3,"NIST SP 800-53 AC-1, NIST SP 800-53 AC-17, NIST SP 800-53 AC-19, NIST SP 800-53 AC-20, NIST SP 800-53 SC-15",AICPA TSC CC6.6,"ISO 27001:2013 A.6.2.1, ISO 27001:2013 A.6.2.2, ISO 27001:2013 A.11.2.6, ISO 27001:2013 A.13.1.1, ISO 27001:2013 A.13.2.1"
Amazon_EC2_Security_Group_Auditor.py,Security Group,Is MSSQL (tcp1433) open to the internet,NIST CSF PR.AC-3,"NIST SP 800-53 AC-1, NIST SP 800-53 AC-17, NIST SP 800-53 AC-19, NIST SP 800-53 AC-20, NIST SP 800-53 SC-15",AICPA TSC CC6.6,"ISO 27001:2013 A.6.2.1, ISO 27001:2013 A.6.2.2, ISO 27001:2013 A.11.2.6, ISO 27001:2013 A.13.1.1, ISO 27001:2013 A.13.2.1"
Amazon_EC2_Security_Group_Auditor.py,Security Group,Is OracleDB (tcp1521) open to the internet,NIST CSF PR.AC-3,"NIST SP 800-53 AC-1, NIST SP 800-53 AC-17, NIST SP 800-53 AC-19, NIST SP 800-53 AC-20, NIST SP 800-53 SC-15",AICPA TSC CC6.6,"ISO 27001:2013 A.6.2.1, ISO 27001:2013 A.6.2.2, ISO 27001:2013 A.11.2.6, ISO 27001:2013 A.13.1.1, ISO 27001:2013 A.13.2.1"
Amazon_EC2_Security_Group_Auditor.py,Security Group,Is MySQL/MariaDB (tcp3306) open to the internet,NIST CSF PR.AC-3,"NIST SP 800-53 AC-1, NIST SP 800-53 AC-17, NIST SP 800-53 AC-19, NIST SP 800-53 AC-20, NIST SP 800-53 SC-15",AICPA TSC CC6.6,"ISO 27001:2013 A.6.2.1, ISO 27001:2013 A.6.2.2, ISO 27001:2013 A.11.2.6, ISO 27001:2013 A.13.1.1, ISO 27001:2013 A.13.2.1"
Amazon_EC2_Security_Group_Auditor.py,Security Group,Is RDP (tcp3389) open to the internet,NIST CSF PR.AC-3,"NIST SP 800-53 AC-1, NIST SP 800-53 AC-17, NIST SP 800-53 AC-19, NIST SP 800-53 AC-20, NIST SP 800-53 SC-15",AICPA TSC CC6.6,"ISO 27001:2013 A.6.2.1, ISO 27001:2013 A.6.2.2, ISO 27001:2013 A.11.2.6, ISO 27001:2013 A.13.1.1, ISO 27001:2013 A.13.2.1"
Amazon_EC2_Security_Group_Auditor.py,Security Group,Is PostgreSQL (tcp5432) open to the internet,NIST CSF PR.AC-3,"NIST SP 800-53 AC-1, NIST SP 800-53 AC-17, NIST SP 800-53 AC-19, NIST SP 800-53 AC-20, NIST SP 800-53 SC-15",AICPA TSC CC6.6,"ISO 27001:2013 A.6.2.1, ISO 27001:2013 A.6.2.2, ISO 27001:2013 A.11.2.6, ISO 27001:2013 A.13.1.1, ISO 27001:2013 A.13.2.1"
Amazon_EC2_Security_Group_Auditor.py,Security Group,Is Kibana (tcp5601) open to the internet,NIST CSF PR.AC-3,"NIST SP 800-53 AC-1, NIST SP 800-53 AC-17, NIST SP 800-53 AC-19, NIST SP 800-53 AC-20, NIST SP 800-53 SC-15",AICPA TSC CC6.6,"ISO 27001:2013 A.6.2.1, ISO 27001:2013 A.6.2.2, ISO 27001:2013 A.11.2.6, ISO 27001:2013 A.13.1.1, ISO 27001:2013 A.13.2.1"
Amazon_EC2_Security_Group_Auditor.py,Security Group,Is Redis (tcp6379) open to the internet,NIST CSF PR.AC-3,"NIST SP 800-53 AC-1, NIST SP 800-53 AC-17, NIST SP 800-53 AC-19, NIST SP 800-53 AC-20, NIST SP 800-53 SC-15",AICPA TSC CC6.6,"ISO 27001:2013 A.6.2.1, ISO 27001:2013 A.6.2.2, ISO 27001:2013 A.11.2.6, ISO 27001:2013 A.13.1.1, ISO 27001:2013 A.13.2.1"
Amazon_EC2_Security_Group_Auditor.py,Security Group,Is Splunkd (tcp8089) open to the internet,NIST CSF PR.AC-3,"NIST SP 800-53 AC-1, NIST SP 800-53 AC-17, NIST SP 800-53 AC-19, NIST SP 800-53 AC-20, NIST SP 800-53 SC-15",AICPA TSC CC6.6,"ISO 27001:2013 A.6.2.1, ISO 27001:2013 A.6.2.2, ISO 27001:2013 A.11.2.6, ISO 27001:2013 A.13.1.1, ISO 27001:2013 A.13.2.1"
Amazon_EC2_Security_Group_Auditor.py,Security Group,Is Elasticsearch (tcp9200) open to the internet,NIST CSF PR.AC-3,"NIST SP 800-53 AC-1, NIST SP 800-53 AC-17, NIST SP 800-53 AC-19, NIST SP 800-53 AC-20, NIST SP 800-53 SC-15",AICPA TSC CC6.6,"ISO 27001:2013 A.6.2.1, ISO 27001:2013 A.6.2.2, ISO 27001:2013 A.11.2.6, ISO 27001:2013 A.13.1.1, ISO 27001:2013 A.13.2.1"
Amazon_EC2_Security_Group_Auditor.py,Security Group,Is Elasticsearch (tcp9300) open to the internet,NIST CSF PR.AC-3,"NIST SP 800-53 AC-1, NIST SP 800-53 AC-17, NIST SP 800-53 AC-19, NIST SP 800-53 AC-20, NIST SP 800-53 SC-15",AICPA TSC CC6.6,"ISO 27001:2013 A.6.2.1, ISO 27001:2013 A.6.2.2, ISO 27001:2013 A.11.2.6, ISO 27001:2013 A.13.1.1, ISO 27001:2013 A.13.2.1"
Amazon_EC2_Security_Group_Auditor.py,Security Group,Is Memcached (udp11211) open to the internet,NIST CSF PR.AC-3,"NIST SP 800-53 AC-1, NIST SP 800-53 AC-17, NIST SP 800-53 AC-19, NIST SP 800-53 AC-20, NIST SP 800-53 SC-15",AICPA TSC CC6.6,"ISO 27001:2013 A.6.2.1, ISO 27001:2013 A.6.2.2, ISO 27001:2013 A.11.2.6, ISO 27001:2013 A.13.1.1, ISO 27001:2013 A.13.2.1"
Amazon_EC2_Security_Group_Auditor.py,Security Group,Is Redshift (tcp5439) open to the internet,NIST CSF PR.AC-3,"NIST SP 800-53 AC-1, NIST SP 800-53 AC-17, NIST SP 800-53 AC-19, NIST SP 800-53 AC-20, NIST SP 800-53 SC-15",AICPA TSC CC6.6,"ISO 27001:2013 A.6.2.1, ISO 27001:2013 A.6.2.2, ISO 27001:2013 A.11.2.6, ISO 27001:2013 A.13.1.1, ISO 27001:2013 A.13.2.1"
Amazon_EC2_Security_Group_Auditor.py,Security Group,Is DocDB (tcp27017) open to the internet,NIST CSF PR.AC-3,"NIST SP 800-53 AC-1, NIST SP 800-53 AC-17, NIST SP 800-53 AC-19, NIST SP 800-53 AC-20, NIST SP 800-53 SC-15",AICPA TSC CC6.6,"ISO 27001:2013 A.6.2.1, ISO 27001:2013 A.6.2.2, ISO 27001:2013 A.11.2.6, ISO 27001:2013 A.13.1.1, ISO 27001:2013 A.13.2.1"
Amazon_EC2_Security_Group_Auditor.py,Security Group,Is Cassandra (tcp9142) open to the internet,NIST CSF PR.AC-3,"NIST SP 800-53 AC-1, NIST SP 800-53 AC-17, NIST SP 800-53 AC-19, NIST SP 800-53 AC-20, NIST SP 800-53 SC-15",AICPA TSC CC6.6,"ISO 27001:2013 A.6.2.1, ISO 27001:2013 A.6.2.2, ISO 27001:2013 A.11.2.6, ISO 27001:2013 A.13.1.1, ISO 27001:2013 A.13.2.1"
Amazon_EC2_Security_Group_Auditor.py,Security Group,Is Kafka (tcp9092) open to the internet,NIST CSF PR.AC-3,"NIST SP 800-53 AC-1, NIST SP 800-53 AC-17, NIST SP 800-53 AC-19, NIST SP 800-53 AC-20, NIST SP 800-53 SC-15",AICPA TSC CC6.6,"ISO 27001:2013 A.6.2.1, ISO 27001:2013 A.6.2.2, ISO 27001:2013 A.11.2.6, ISO 27001:2013 A.13.1.1, ISO 27001:2013 A.13.2.1"
Amazon_EC2_SSM_Auditor.py,EC2 Instance,Is the instance managed by SSM,NIST CSF ID.AM-2,"NIST SP 800-53 CM-8, NIST SP 800-53 PM-5","AICPA TSC CC3.2, AICPA TSC CC6.1","ISO 27001:2013 A.8.1.1, ISO 27001:2013 A.8.1.2, ISO 27001:2013 A.12.5.1"
Amazon_EC2_SSM_Auditor.py,EC2 Instance,Does the instance have a successful SSM association,NIST CSF ID.AM-2,"NIST SP 800-53 CM-8, NIST SP 800-53 PM-5","AICPA TSC CC3.2, AICPA TSC CC6.1","ISO 27001:2013 A.8.1.1, ISO 27001:2013 A.8.1.2, ISO 27001:2013 A.12.5.1"
Amazon_EC2_SSM_Auditor.py,EC2 Instance,Is the SSM Agent up to date,NIST CSF ID.AM-2,"NIST SP 800-53 CM-8, NIST SP 800-53 PM-5","AICPA TSC CC3.2, AICPA TSC CC6.1","ISO 27001:2013 A.8.1.1, ISO 27001:2013 A.8.1.2, ISO 27001:2013 A.12.5.1"
Amazon_EC2_SSM_Auditor.py,EC2 Instance,Is the Patch status up to date,NIST CSF ID.AM-2,"NIST SP 800-53 CM-8, NIST SP 800-53 PM-5","AICPA TSC CC3.2, AICPA TSC CC6.1","ISO 27001:2013 A.8.1.1, ISO 27001:2013 A.8.1.2, ISO 27001:2013 A.12.5.1"
Amazon_ECR_Auditor.py,ECR Repository,Does the repository support scan-on-push,NIST CSF DE.CM-8,NIST SP 800-53 RA-5,AICPA TSC CC7.1,ISO 27001:2013 A.12.6.1
Amazon_ECR_Auditor.py,ECR Repository,Is there an image lifecycle policy,NIST CSF ID.AM-2,"NIST SP 800-53 CM-8, NIST SP 800-53 PM-5","AICPA TSC CC3.2, AICPA TSC CC6.1","ISO 27001:2013 A.8.1.1, ISO 27001:2013 A.8.1.2, ISO 27001:2013 A.12.5.1"
Amazon_ECR_Auditor.py,ECR Repository,Is there a repo access policy,NIST CSF PR.AC-6,"NIST SP 800-53 AC-1, NIST SP 800-53 AC-2, NIST SP 800-53 AC-3, NIST SP 800-53 AC-16, NIST SP 800-53 AC-19, NIST SP 800-53 AC-24, NIST SP 800-53 IA-1, NIST SP 800-53 IA-2, NIST SP 800-53 IA-4, NIST SP 800-53 IA-5, NIST SP 800-53 IA-8, NIST SP 800-53 PE-2, NIST SP 800-53 PS-3",AICPA TSC CC6.1,"ISO 27001:2013 A.7.1.1, ISO 27001:2013 A.9.2.1"
Amazon_ECR_Auditor.py,Image (Container),Does the latest container have any vulns,NIST CSF DE.CM-8,NIST SP 800-53 RA-5,AICPA TSC CC7.1,ISO 27001:2013 A.12.6.1
Amazon_ECS_Auditor.py,ECS Cluster,Is container insights enabled,NIST CSF DE.AE-3,"NIST SP 800-53 AU-6, NIST SP 800-53 CA-7, NIST SP 800-53 IR-4, NIST SP 800-53 IR-5, NIST SP 800-53 IR-8, NIST SP 800-53 SI-4",AICPA TSC CC7.2,"ISO 27001:2013 A.12.4.1, ISO 27001:2013 A.16.1.7"
Amazon_ECS_Auditor.py,ECS Cluster,Is a default cluster provider configured,NIST CSF ID.AM-2,"NIST SP 800-53 CM-8, NIST SP 800-53 PM-5","AICPA TSC CC3.2, AICPA TSC CC6.1","ISO 27001:2013 A.8.1.1, ISO 27001:2013 A.8.1.2, ISO 27001:2013 A.12.5.1"
Amazon_EFS_Auditor.py,EFS File System,Are file systems encrypted,NIST CSF PR.DS-1,"NIST SP 800-53 MP-8, NIST SP 800-53 SC-12, NIST SP 800-53 SC-28",AICPA TSC CC6.1,ISO 27001:2013 A.8.2.3
Amazon_EKS_Auditor.py,EKS Cluster,Is the API Server publicly accessible,NIST CSF PR.AC-3,"NIST SP 800-53 AC-1, NIST SP 800-53 AC-17, NIST SP 800-53 AC-19, NIST SP 800-53 AC-20, NIST SP 800-53 SC-15",AICPA TSC CC6.6,"ISO 27001:2013 A.6.2.1, ISO 27001:2013 A.6.2.2, ISO 27001:2013 A.11.2.6, ISO 27001:2013 A.13.1.1, ISO 27001:2013 A.13.2.1"
Amazon_EKS_Auditor.py,EKS Cluster,Is K8s version 1.14 used,NIST CSF ID.AM-2,"NIST SP 800-53 CM-8, NIST SP 800-53 PM-5","AICPA TSC CC3.2, AICPA TSC CC6.1","ISO 27001:2013 A.8.1.1, ISO 27001:2013 A.8.1.2, ISO 27001:2013 A.12.5.1"
Amazon_EKS_Auditor.py,EKS Cluster,Are auth or audit logs enabled,NIST CSF DE.AE-3,"NIST SP 800-53 AU-6, NIST SP 800-53 CA-7, NIST SP 800-53 IR-4, NIST SP 800-53 IR-5, NIST SP 800-53 IR-8, NIST SP 800-53 SI-4",AICPA TSC CC7.2,"ISO 27001:2013 A.12.4.1, ISO 27001:2013 A.16.1.7"
Amazon_Elasticache_Redis_Auditor.py,Elasticache Redis Cluster,Is an AUTH Token used,NIST CSF PR.AC-6,"NIST SP 800-53 AC-1, NIST SP 800-53 AC-2, NIST SP 800-53 AC-3, NIST SP 800-53 AC-16, NIST SP 800-53 AC-19, NIST SP 800-53 AC-24, NIST SP 800-53 IA-1, NIST SP 800-53 IA-2, NIST SP 800-53 IA-4, NIST SP 800-53 IA-5, NIST SP 800-53 IA-8, NIST SP 800-53 PE-2, NIST SP 800-53 PS-3",AICPA TSC CC6.1,"ISO 27001:2013 A.7.1.1, ISO 27001:2013 A.9.2.1"
Amazon_Elasticache_Redis_Auditor.py,Elasticache Redis Cluster,Is the cluster encrypted at rest,NIST CSF PR.DS-1,"NIST SP 800-53 MP-8, NIST SP 800-53 SC-12, NIST SP 800-53 SC-28",AICPA TSC CC6.1,ISO 27001:2013 A.8.2.3
Amazon_Elasticache_Redis_Auditor.py,Elasticache Redis Cluster,Does the cluster encrypt in transit,NIST CSF PR.DS-2,"NIST SP 800-53 SC-8, NIST SP 800-53 SC-11, NIST SP 800-53 SC-12",AICPA TSC CC6.1,"ISO 27001:2013 A.8.2.3, ISO 27001:2013 A.13.1.1, ISO 27001:2013 A.13.2.1, ISO 27001:2013 A.13.2.3, ISO 27001:2013 A.14.1.2, ISO 27001:2013 A.14.1.3"
Amazon_ElasticsearchService_Auditor.py,Elasticsearch Domain,Are dedicated masters used,"NIST CSF ID.BE-5, NIST CSF PR.PT-5","NIST SP 800-53 CP-2, NIST SP 800-53 CP-11, NIST SP 800-53 SA-13, NIST SP 800-53 SA14","AICPA TSC CC3.1, AICPA TSC A1.2","ISO 27001:2013 A.11.1.4, ISO 27001:2013 A.17.1.1, ISO 27001:2013 A.17.1.2, ISO 27001:2013 A.17.2.1"
Amazon_ElasticsearchService_Auditor.py,Elasticsearch Domain,Is Cognito auth used,NIST CSF PR.AC-6,"NIST SP 800-53 AC-1, NIST SP 800-53 AC-2, NIST SP 800-53 AC-3, NIST SP 800-53 AC-16, NIST SP 800-53 AC-19, NIST SP 800-53 AC-24, NIST SP 800-53 IA-1, NIST SP 800-53 IA-2, NIST SP 800-53 IA-4, NIST SP 800-53 IA-5, NIST SP 800-53 IA-8, NIST SP 800-53 PE-2, NIST SP 800-53 PS-3",AICPA TSC CC6.1,"ISO 27001:2013 A.7.1.1, ISO 27001:2013 A.9.2.1"
Amazon_ElasticsearchService_Auditor.py,Elasticsearch Domain,Is encryption at rest used,NIST CSF PR.DS-1,"NIST SP 800-53 MP-8, NIST SP 800-53 SC-12, NIST SP 800-53 SC-28",AICPA TSC CC6.1,ISO 27001:2013 A.8.2.3
Amazon_ElasticsearchService_Auditor.py,Elasticsearch Domain,Is Node2Node encryption used,NIST CSF PR.DS-2,"NIST SP 800-53 SC-8, NIST SP 800-53 SC-11, NIST SP 800-53 SC-12",AICPA TSC CC6.1,"ISO 27001:2013 A.8.2.3, ISO 27001:2013 A.13.1.1, ISO 27001:2013 A.13.2.1, ISO 27001:2013 A.13.2.3, ISO 27001:2013 A.14.1.2, ISO 27001:2013 A.14.1.3"
Amazon_ElasticsearchService_Auditor.py,Elasticsearch Domain,Is HTTPS-only enforced,NIST CSF PR.DS-2,"NIST SP 800-53 SC-8, NIST SP 800-53 SC-11, NIST SP 800-53 SC-12",AICPA TSC CC6.1,"ISO 27001:2013 A.8.2.3, ISO 27001:2013 A.13.1.1, ISO 27001:2013 A.13.2.1, ISO 27001:2013 A.13.2.3, ISO 27001:2013 A.14.1.2, ISO 27001:2013 A.14.1.3"
Amazon_ElasticsearchService_Auditor.py,Elasticsearch Domain,Is a TLS 1.2 policy used,NIST CSF PR.DS-2,"NIST SP 800-53 SC-8, NIST SP 800-53 SC-11, NIST SP 800-53 SC-12",AICPA TSC CC6.1,"ISO 27001:2013 A.8.2.3, ISO 27001:2013 A.13.1.1, ISO 27001:2013 A.13.2.1, ISO 27001:2013 A.13.2.3, ISO 27001:2013 A.14.1.2, ISO 27001:2013 A.14.1.3"
Amazon_ElasticsearchService_Auditor.py,Elasticsearch Domain,Are there available version updates,NIST CSF PR.MA-1,"NIST SP 800-53 MA-2, NIST SP 800-53 MA-3, NIST SP 800-53 MA-5, NIST SP 800-53 MA-6",AICPA TSC CC8.1,"ISO 27001:2013 A.11.1.2, ISO 27001:2013 A.11.2.4, ISO 27001:2013 A.11.2.5, ISO 27001:2013 A.11.2.6"
Amazon_ELB_Auditor.py,ELB (Classic Load Balancer),Do internet facing ELBs have a secure listener,NIST CSF PR.DS-2,"NIST SP 800-53 SC-8, NIST SP 800-53 SC-11, NIST SP 800-53 SC-12",AICPA TSC CC6.1,"ISO 27001:2013 A.8.2.3, ISO 27001:2013 A.13.1.1, ISO 27001:2013 A.13.2.1, ISO 27001:2013 A.13.2.3, ISO 27001:2013 A.14.1.2, ISO 27001:2013 A.14.1.3"
Amazon_ELB_Auditor.py,ELB (Classic Load Balancer),Do secure listeners enforce TLS 1.2,NIST CSF PR.DS-2,"NIST SP 800-53 SC-8, NIST SP 800-53 SC-11, NIST SP 800-53 SC-12",AICPA TSC CC6.1,"ISO 27001:2013 A.8.2.3, ISO 27001:2013 A.13.1.1, ISO 27001:2013 A.13.2.1, ISO 27001:2013 A.13.2.3, ISO 27001:2013 A.14.1.2, ISO 27001:2013 A.14.1.3"
Amazon_ELB_Auditor.py,ELB (Classic Load Balancer),Is cross zone load balancing enabled,"NIST CSF ID.BE-5, NIST CSF PR.PT-5","NIST SP 800-53 CP-2, NIST SP 800-53 CP-11, NIST SP 800-53 SA-13, NIST SP 800-53 SA14","AICPA TSC CC3.1, AICPA TSC A1.2","ISO 27001:2013 A.11.1.4, ISO 27001:2013 A.17.1.1, ISO 27001:2013 A.17.1.2, ISO 27001:2013 A.17.2.1"
Amazon_ELB_Auditor.py,ELB (Classic Load Balancer),Is connection draining enabled,"NIST CSF ID.BE-5, NIST CSF PR.PT-5","NIST SP 800-53 CP-2, NIST SP 800-53 CP-11, NIST SP 800-53 SA-13, NIST SP 800-53 SA14","AICPA TSC CC3.1, AICPA TSC A1.2","ISO 27001:2013 A.11.1.4, ISO 27001:2013 A.17.1.1, ISO 27001:2013 A.17.1.2, ISO 27001:2013 A.17.2.1"
Amazon_ELB_Auditor.py,ELB (Classic Load Balancer),Is access logging enabled,NIST CSF DE.AE-3,"NIST SP 800-53 AU-6, NIST SP 800-53 CA-7, NIST SP 800-53 IR-4, NIST SP 800-53 IR-5, NIST SP 800-53 IR-8, NIST SP 800-53 SI-4",AICPA TSC CC7.2,"ISO 27001:2013 A.12.4.1, ISO 27001:2013 A.16.1.7"
Amazon_ELBv2_Auditor.py,ELBv2 (ALB),Is access logging enabled for ALBs,NIST CSF DE.AE-3,"NIST SP 800-53 AU-6, NIST SP 800-53 CA-7, NIST SP 800-53 IR-4, NIST SP 800-53 IR-5, NIST SP 800-53 IR-8, NIST SP 800-53 SI-4",AICPA TSC CC7.2,"ISO 27001:2013 A.12.4.1, ISO 27001:2013 A.16.1.7"
Amazon_ELBv2_Auditor.py,ELBv2 (ALB/NLB),Is deletion protection enabled,"NIST CSF ID.BE-5, NIST CSF PR.PT-5","NIST SP 800-53 CP-2, NIST SP 800-53 CP-7, NIST SP 800-53 CP-8, NIST SP 800-53 CP-11, NIST SP 800-53 CP-13, NIST SP 800-53 PL-8, NIST SP 800-53 SA-13, NIST SP 800-53 SA-14, NIST SP 800-53 SC-6","AICPA TSC A1.2, AICPA TSC CC3.1","ISO 27001:2013 A.11.1.4, ISO 27001:2013 A.17.1.1, ISO 27001:2013 A.17.1.2, ISO 27001:2013 A.17.2.1"
Amazon_ELBv2_Auditor.py,ELBv2 (ALB/NLB),Do internet facing ELBs have a secure listener,NIST CSF PR.DS-2,"NIST SP 800-53 SC-8, NIST SP 800-53 SC-11, NIST SP 800-53 SC-12",AICPA TSC CC6.1,"ISO 27001:2013 A.8.2.3, ISO 27001:2013 A.13.1.1, ISO 27001:2013 A.13.2.1, ISO 27001:2013 A.13.2.3, ISO 27001:2013 A.14.1.2, ISO 27001:2013 A.14.1.3"
Amazon_ELBv2_Auditor.py,ELBv2 (ALB/NLB),Do secure listeners enforce TLS 1.2,NIST CSF PR.DS-2,"NIST SP 800-53 SC-8, NIST SP 800-53 SC-11, NIST SP 800-53 SC-12",AICPA TSC CC6.1,"ISO 27001:2013 A.8.2.3, ISO 27001:2013 A.13.1.1, ISO 27001:2013 A.13.2.1, ISO 27001:2013 A.13.2.3, ISO 27001:2013 A.14.1.2, ISO 27001:2013 A.14.1.3"
Amazon_ELBv2_Auditor.py,ELBv2 (ALB/NLB),Are invalid HTTP headers dropped,NIST CSF PR.AC-5,"NIST SP 800-53 AC-4, NIST SP 800-53 AC-10, NIST SP 800-53 SC-7",AICPA TSC CC6.1,"ISO 27001:2013 A.13.1.1, ISO 27001:2013 A.13.1.3, ISO 27001:2013 A.13.2.1, ISO 27001:2013 A.14.1.2, ISO 27001:2013 A.14.1.3"
Amazon_ELBv2_Auditor.py,ELBv2 (NLB),Do NLBs with TLS listeners have access logging enabled,NIST CSF DE.AE-3,"NIST SP 800-53 AU-6, NIST SP 800-53 CA-7, NIST SP 800-53 IR-4, NIST SP 800-53 IR-5, NIST SP 800-53 IR-8, NIST SP 800-53 SI-4",AICPA TSC CC7.2,"ISO 27001:2013 A.12.4.1, ISO 27001:2013 A.16.1.7"
Amazon_EMR_Auditor.py,EMR Cluster,Do clusters have a sec configuration attached,NIST CSF PR.IP-1,"NIST SP 800-53 CM-2, NIST SP 800-53 CM-3, NIST SP 800-53 CM-4, NIST SP 800-53 CM-5, NIST SP 800-53 CM-6, NIST SP 800-53 CM-7, NIST SP 800-53 CM-9, NIST SP 800-53 SA-10","AICPA TSC A1.3, AICPA TSC CC1.4, AICPA TSC CC5.3, AICPA TSC CC6.2, AICPA TSC CC7.1, AICPA TSC CC7.3, AICPA TSC CC7.4","ISO 27001:2013 A.12.1.2, ISO 27001:2013 A.12.5.1, ISO 27001:2013 A.12.6.2, ISO 27001:2013 A.14.2.2, ISO 27001:2013 A.14.2.3, ISO 27001:2013 A.14.2.4"
Amazon_EMR_Auditor.py,EMR Cluster,Do cluster sec configs enforce encryption in transit,NIST CSF PR.DS-2,"NIST SP 800-53 SC-8, NIST SP 800-53 SC-11, NIST SP 800-53 SC-12",AICPA TSC CC6.1,"ISO 27001:2013 A.8.2.3, ISO 27001:2013 A.13.1.1, ISO 27001:2013 A.13.2.1, ISO 27001:2013 A.13.2.3, ISO 27001:2013 A.14.1.2, ISO 27001:2013 A.14.1.3"
Amazon_EMR_Auditor.py,EMR Cluster,Do cluster sec configs enforce encryption at rest for EMRFS,NIST CSF PR.DS-1,"NIST SP 800-53 MP-8, NIST SP 800-53 SC-12, NIST SP 800-53 SC-28",AICPA TSC CC6.1,ISO 27001:2013 A.8.2.3
Amazon_EMR_Auditor.py,EMR Cluster,Do cluster sec configs enforce encryption at rest for EBS,NIST CSF PR.DS-1,"NIST SP 800-53 MP-8, NIST SP 800-53 SC-12, NIST SP 800-53 SC-28",AICPA TSC CC6.1,ISO 27001:2013 A.8.2.3
Amazon_EMR_Auditor.py,EMR Cluster,Do cluster sec configs enforce Kerberos authN,NIST CSF PR.AC-6,"NIST SP 800-53 AC-1, NIST SP 800-53 AC-2, NIST SP 800-53 AC-3, NIST SP 800-53 AC-16, NIST SP 800-53 AC-19, NIST SP 800-53 AC-24, NIST SP 800-53 IA-1, NIST SP 800-53 IA-2, NIST SP 800-53 IA-4, NIST SP 800-53 IA-5, NIST SP 800-53 IA-8, NIST SP 800-53 PE-2, NIST SP 800-53 PS-3",AICPA TSC CC6.1,"ISO 27001:2013 A.7.1.1, ISO 27001:2013 A.9.2.1"
Amazon_EMR_Auditor.py,EMR Cluster,Is cluster termination protection enabled,"NIST CSF ID.BE-5, NIST CSF PR.PT-5","NIST SP 800-53 CP-2, NIST SP 800-53 CP-7, NIST SP 800-53 CP-8, NIST SP 800-53 CP-11, NIST SP 800-53 CP-13, NIST SP 800-53 PL-8, NIST SP 800-53 SA-13, NIST SP 800-53 SA-14, NIST SP 800-53 SC-6","AICPA TSC A1.2, AICPA TSC CC3.1","ISO 27001:2013 A.11.1.4, ISO 27001:2013 A.17.1.1, ISO 27001:2013 A.17.1.2, ISO 27001:2013 A.17.2.1"
Amazon_EMR_Auditor.py,EMR Cluster,Is cluster logging enabled,NIST CSF DE.AE-3,"NIST SP 800-53 AU-6, NIST SP 800-53 CA-7, NIST SP 800-53 IR-4, NIST SP 800-53 IR-5, NIST SP 800-53 IR-8, NIST SP 800-53 SI-4",AICPA TSC CC7.2,"ISO 27001:2013 A.12.4.1, ISO 27001:2013 A.16.1.7"
Amazon_EMR_Auditor.py,AWS Account,Is EMR public SG block configured for the Account in the region,NIST CSF PR.AC-3,"NIST SP 800-53 AC-1, NIST SP 800-53 AC-17, NIST SP 800-53 AC-19, NIST SP 800-53 AC-20, NIST SP 800-53 SC-15",AICPA TSC CC6.6,"ISO 27001:2013 A.6.2.1, ISO 27001:2013 A.6.2.2, ISO 27001:2013 A.11.2.6, ISO 27001:2013 A.13.1.1, ISO 27001:2013 A.13.2.1"
Amazon_Kinesis_Data_Streams_Auditor.py,Kinesis data stream,Is stream encryption enabled,NIST CSF PR.DS-1,"NIST SP 800-53 MP-8, NIST SP 800-53 SC-12, NIST SP 800-53 SC-28",AICPA TSC CC6.1,ISO 27001:2013 A.8.2.3
Amazon_Kinesis_Data_Streams_Auditor.py,Kinesis data stream,Is enhanced monitoring enabled,NIST CSF DE.AE-3,"NIST SP 800-53 AU-6, NIST SP 800-53 CA-7, NIST SP 800-53 IR-4, NIST SP 800-53 IR-5, NIST SP 800-53 IR-8, NIST SP 800-53 SI-4",AICPA TSC CC7.2,"ISO 27001:2013 A.12.4.1, ISO 27001:2013 A.16.1.7"
Amazon_Kinesis_Firehose_Auditor.py,Firehose delivery stream,Is delivery stream encryption enabled,NIST CSF PR.DS-1,"NIST SP 800-53 MP-8, NIST SP 800-53 SC-12, NIST SP 800-53 SC-28",AICPA TSC CC6.1,ISO 27001:2013 A.8.2.3
Amazon_Managed_Blockchain_Auditor.py,Fabric peer node,Are chaincode logs enabled,NIST CSF DE.AE-3,"NIST SP 800-53 AU-6, NIST SP 800-53 CA-7, NIST SP 800-53 IR-4, NIST SP 800-53 IR-5, NIST SP 800-53 IR-8, NIST SP 800-53 SI-4",AICPA TSC CC7.2,"ISO 27001:2013 A.12.4.1, ISO 27001:2013 A.16.1.7"
Amazon_Managed_Blockchain_Auditor.py,Fabric peer node,Are peer node logs enabled,NIST CSF DE.AE-3,"NIST SP 800-53 AU-6, NIST SP 800-53 CA-7, NIST SP 800-53 IR-4, NIST SP 800-53 IR-5, NIST SP 800-53 IR-8, NIST SP 800-53 SI-4",AICPA TSC CC7.2,"ISO 27001:2013 A.12.4.1, ISO 27001:2013 A.16.1.7"
Amazon_Managed_Blockchain_Auditor.py,Fabric member,Are member CA logs enabled,NIST CSF DE.AE-3,"NIST SP 800-53 AU-6, NIST SP 800-53 CA-7, NIST SP 800-53 IR-4, NIST SP 800-53 IR-5, NIST SP 800-53 IR-8, NIST SP 800-53 SI-4",AICPA TSC CC7.2,"ISO 27001:2013 A.12.4.1, ISO 27001:2013 A.16.1.7"
Amazon_MQ_Auditor.py,Amazon MQ message broker,Message brokers should be encrypted with customer-managed KMS CMKs,NIST CSF PR.DS-1,"NIST SP 800-53 MP-8, NIST SP 800-53 SC-12, NIST SP 800-53 SC-28",AICPA TSC CC6.1,ISO 27001:2013 A.8.2.3
Amazon_MQ_Auditor.py,Amazon MQ message broker,Message brokers should have audit logging enabled,NIST CSF DE.AE-3,"NIST SP 800-53 AU-6, NIST SP 800-53 CA-7, NIST SP 800-53 IR-4, NIST SP 800-53 IR-5, NIST SP 800-53 IR-8, NIST SP 800-53 SI-4",AICPA TSC CC7.2,"ISO 27001:2013 A.12.4.1, ISO 27001:2013 A.16.1.7"
Amazon_MQ_Auditor.py,Amazon MQ message broker,Message brokers should have general logging enabled,NIST CSF DE.AE-3,"NIST SP 800-53 AU-6, NIST SP 800-53 CA-7, NIST SP 800-53 IR-4, NIST SP 800-53 IR-5, NIST SP 800-53 IR-8, NIST SP 800-53 SI-4",AICPA TSC CC7.2,"ISO 27001:2013 A.12.4.1, ISO 27001:2013 A.16.1.7"
Amazon_MQ_Auditor.py,Amazon MQ message broker,Message broker should not be publicly accessible,NIST CSF PR.AC-3,"NIST SP 800-53 AC-1, NIST SP 800-53 AC-17, NIST SP 800-53 AC-19, NIST SP 800-53 AC-20, NIST SP 800-53 SC-15",AICPA TSC CC6.6,"ISO 27001:2013 A.6.2.1, ISO 27001:2013 A.6.2.2, ISO 27001:2013 A.11.2.6, ISO 27001:2013 A.13.1.1, ISO 27001:2013 A.13.2.1"
Amazon_MQ_Auditor.py,Amazon MQ message broker,Message brokers should be configured to auto upgrade to the latest minor version,NIST CSF PR.MA-1,"NIST SP 800-53 MA-2, NIST SP 800-53 MA-3, NIST SP 800-53 MA-5, NIST SP 800-53 MA-6",AICPA TSC CC8.1,"ISO 27001:2013 A.11.1.2, ISO 27001:2013 A.11.2.4, ISO 27001:2013 A.11.2.5, ISO 27001:2013 A.11.2.6"
Amazon_MSK_Auditor.py,MSK Cluster,Is inter-cluster encryption used,NIST CSF PR.DS-2,"NIST SP 800-53 SC-8, NIST SP 800-53 SC-11, NIST SP 800-53 SC-12",AICPA TSC CC6.1,"ISO 27001:2013 A.8.2.3, ISO 27001:2013 A.13.1.1, ISO 27001:2013 A.13.2.1, ISO 27001:2013 A.13.2.3, ISO 27001:2013 A.14.1.2, ISO 27001:2013 A.14.1.3"
Amazon_MSK_Auditor.py,MSK Cluster,Is client-broker communications TLS-only,NIST CSF PR.DS-2,"NIST SP 800-53 SC-8, NIST SP 800-53 SC-11, NIST SP 800-53 SC-12",AICPA TSC CC6.1,"ISO 27001:2013 A.8.2.3, ISO 27001:2013 A.13.1.1, ISO 27001:2013 A.13.2.1, ISO 27001:2013 A.13.2.3, ISO 27001:2013 A.14.1.2, ISO 27001:2013 A.14.1.3"
Amazon_MSK_Auditor.py,MSK Cluster,Is enhanced monitoring used,NIST CSF DE.AE-3,"NIST SP 800-53 AU-6, NIST SP 800-53 CA-7, NIST SP 800-53 IR-4, NIST SP 800-53 IR-5, NIST SP 800-53 IR-8, NIST SP 800-53 SI-4",AICPA TSC CC7.2,"ISO 27001:2013 A.12.4.1, ISO 27001:2013 A.16.1.7"
Amazon_MSK_Auditor.py,MSK Cluster,Is Private CA TLS auth used,NIST CSF PR.DS-2,"NIST SP 800-53 SC-8, NIST SP 800-53 SC-11, NIST SP 800-53 SC-12",AICPA TSC CC6.1,"ISO 27001:2013 A.8.2.3, ISO 27001:2013 A.13.1.1, ISO 27001:2013 A.13.2.1, ISO 27001:2013 A.13.2.3, ISO 27001:2013 A.14.1.2, ISO 27001:2013 A.14.1.3"
Amazon_Neptune_Auditor.py,Neptune instance,Is Neptune configured for HA,"NIST CSF ID.BE-5, NIST CSF PR.PT-5","NIST SP 800-53 CP-2, NIST SP 800-53 CP-11, NIST SP 800-53 SA-13, NIST SP 800-53 SA14","AICPA TSC CC3.1, AICPA TSC A1.2","ISO 27001:2013 A.11.1.4, ISO 27001:2013 A.17.1.1, ISO 27001:2013 A.17.1.2, ISO 27001:2013 A.17.2.1"
Amazon_Neptune_Auditor.py,Neptune instance,Is Neptune storage encrypted,NIST CSF PR.DS-1,"NIST SP 800-53 MP-8, NIST SP 800-53 SC-12, NIST SP 800-53 SC-28",AICPA TSC CC6.1,ISO 27001:2013 A.8.2.3
Amazon_Neptune_Auditor.py,Neptune instance,Does Neptune use IAM DB Auth,NIST CSF PR.AC-6,"NIST SP 800-53 AC-1, NIST SP 800-53 AC-2, NIST SP 800-53 AC-3, NIST SP 800-53 AC-16, NIST SP 800-53 AC-19, NIST SP 800-53 AC-24, NIST SP 800-53 IA-1, NIST SP 800-53 IA-2, NIST SP 800-53 IA-4, NIST SP 800-53 IA-5, NIST SP 800-53 IA-8, NIST SP 800-53 PE-2, NIST SP 800-53 PS-3",AICPA TSC CC6.1,"ISO 27001:2013 A.7.1.1, ISO 27001:2013 A.9.2.1"
Amazon_Neptune_Auditor.py,Neptune cluster,Is SSL connection enforced,NIST CSF PR.DS-2,"NIST SP 800-53 SC-8, NIST SP 800-53 SC-11, NIST SP 800-53 SC-12",AICPA TSC CC6.1,"ISO 27001:2013 A.8.2.3, ISO 27001:2013 A.13.1.1, ISO 27001:2013 A.13.2.1, ISO 27001:2013 A.13.2.3, ISO 27001:2013 A.14.1.2, ISO 27001:2013 A.14.1.3"
Amazon_Neptune_Auditor.py,Neptune cluster,Is audit logging enabled,NIST CSF DE.AE-3,"NIST SP 800-53 AU-6, NIST SP 800-53 CA-7, NIST SP 800-53 IR-4, NIST SP 800-53 IR-5, NIST SP 800-53 IR-8, NIST SP 800-53 SI-4",AICPA TSC CC7.2,"ISO 27001:2013 A.12.4.1, ISO 27001:2013 A.16.1.7"
Amazon_RDS_Auditor.py,RDS DB Instance,Is HA configured,"NIST CSF ID.BE-5, NIST CSF PR.PT-5","NIST SP 800-53 CP-2, NIST SP 800-53 CP-11, NIST SP 800-53 SA-13, NIST SP 800-53 SA14","AICPA TSC CC3.1, AICPA TSC A1.2","ISO 27001:2013 A.11.1.4, ISO 27001:2013 A.17.1.1, ISO 27001:2013 A.17.1.2, ISO 27001:2013 A.17.2.1"
Amazon_RDS_Auditor.py,RDS DB Instance,Are DB instances publicly accessible,NIST CSF PR.AC-3,"NIST SP 800-53 AC-1, NIST SP 800-53 AC-17, NIST SP 800-53 AC-19, NIST SP 800-53 AC-20, NIST SP 800-53 SC-15",AICPA TSC CC6.6,"ISO 27001:2013 A.6.2.1, ISO 27001:2013 A.6.2.2, ISO 27001:2013 A.11.2.6, ISO 27001:2013 A.13.1.1, ISO 27001:2013 A.13.2.1"
Amazon_RDS_Auditor.py,RDS DB Instance,Is DB storage encrypted,NIST CSF PR.DS-1,"NIST SP 800-53 MP-8, NIST SP 800-53 SC-12, NIST SP 800-53 SC-28",AICPA TSC CC6.1,ISO 27001:2013 A.8.2.3
Amazon_RDS_Auditor.py,RDS DB Instance,Do supported DBs use IAM Authentication,NIST CSF PR.AC-6,"NIST SP 800-53 AC-1, NIST SP 800-53 AC-2, NIST SP 800-53 AC-3, NIST SP 800-53 AC-16, NIST SP 800-53 AC-19, NIST SP 800-53 AC-24, NIST SP 800-53 IA-1, NIST SP 800-53 IA-2, NIST SP 800-53 IA-4, NIST SP 800-53 IA-5, NIST SP 800-53 IA-8, NIST SP 800-53 PE-2, NIST SP 800-53 PS-3",AICPA TSC CC6.1,"ISO 27001:2013 A.7.1.1, ISO 27001:2013 A.9.2.1"
Amazon_RDS_Auditor.py,RDS DB Instance,Are supported DBs joined to a domain,NIST CSF PR.AC-6,"NIST SP 800-53 AC-1, NIST SP 800-53 AC-2, NIST SP 800-53 AC-3, NIST SP 800-53 AC-16, NIST SP 800-53 AC-19, NIST SP 800-53 AC-24, NIST SP 800-53 IA-1, NIST SP 800-53 IA-2, NIST SP 800-53 IA-4, NIST SP 800-53 IA-5, NIST SP 800-53 IA-8, NIST SP 800-53 PE-2, NIST SP 800-53 PS-3",AICPA TSC CC6.1,"ISO 27001:2013 A.7.1.1, ISO 27001:2013 A.9.2.1"
Amazon_RDS_Auditor.py,RDS DB Instance,Is performance insights enabled,NIST CSF DE.AE-3,"NIST SP 800-53 AU-6, NIST SP 800-53 CA-7, NIST SP 800-53 IR-4, NIST SP 800-53 IR-5, NIST SP 800-53 IR-8, NIST SP 800-53 SI-4",AICPA TSC CC7.2,"ISO 27001:2013 A.12.4.1, ISO 27001:2013 A.16.1.7"
Amazon_RDS_Auditor.py,RDS DB Instance,Is deletion protection enabled,"NIST CSF ID.BE-5, NIST CSF PR.PT-5","NIST SP 800-53 CP-2, NIST SP 800-53 CP-7, NIST SP 800-53 CP-8, NIST SP 800-53 CP-11, NIST SP 800-53 CP-13, NIST SP 800-53 PL-8, NIST SP 800-53 SA-13, NIST SP 800-53 SA-14, NIST SP 800-53 SC-6","AICPA TSC A1.2, AICPA TSC CC3.1","ISO 27001:2013 A.11.1.4, ISO 27001:2013 A.17.1.1, ISO 27001:2013 A.17.1.2, ISO 27001:2013 A.17.2.1"
Amazon_RDS_Auditor.py,RDS DB Instance,Is database CloudWatch logging enabled,NIST CSF DE.AE-3,"NIST SP 800-53 AU-6, NIST SP 800-53 CA-7, NIST SP 800-53 IR-4, NIST SP 800-53 IR-5, NIST SP 800-53 IR-8, NIST SP 800-53 SI-4",AICPA TSC CC7.2,"ISO 27001:2013 A.12.4.1, ISO 27001:2013 A.16.1.7"
Amazon_RDS_Auditor.py,RDS Snapshot,Are snapshots encrypted,NIST CSF PR.DS-1,"NIST SP 800-53 MP-8, NIST SP 800-53 SC-12, NIST SP 800-53 SC-28",AICPA TSC CC6.1,ISO 27001:2013 A.8.2.3
Amazon_RDS_Auditor.py,RDS Snapshot,Are snapshots public,NIST CSF PR.AC-3,"NIST SP 800-53 AC-1, NIST SP 800-53 AC-17, NIST SP 800-53 AC-19, NIST SP 800-53 AC-20, NIST SP 800-53 SC-15",AICPA TSC CC6.6,"ISO 27001:2013 A.6.2.1, ISO 27001:2013 A.6.2.2, ISO 27001:2013 A.11.2.6, ISO 27001:2013 A.13.1.1, ISO 27001:2013 A.13.2.1"
Amazon_Redshift_Auditor.py,Redshift cluster,Is the cluster publicly accessible,NIST CSF PR.AC-3,"NIST SP 800-53 AC-1, NIST SP 800-53 AC-17, NIST SP 800-53 AC-19, NIST SP 800-53 AC-20, NIST SP 800-53 SC-15",AICPA TSC CC6.6,"ISO 27001:2013 A.6.2.1, ISO 27001:2013 A.6.2.2, ISO 27001:2013 A.11.2.6, ISO 27001:2013 A.13.1.1, ISO 27001:2013 A.13.2.1"
Amazon_Redshift_Auditor.py,Redshift cluster,Is the cluster encrypted,NIST CSF PR.DS-1,"NIST SP 800-53 MP-8, NIST SP 800-53 SC-12, NIST SP 800-53 SC-28",AICPA TSC CC6.1,ISO 27001:2013 A.8.2.3
Amazon_Redshift_Auditor.py,Redshift cluster,Is enhanced VPC routing enabled,NIST CSF PR.AC-5,"NIST SP 800-53 AC-4, NIST SP 800-53 AC-10, NIST SP 800-53 SC-7",AICPA TSC CC6.1,"ISO 27001:2013 A.13.1.1, ISO 27001:2013 A.13.1.3, ISO 27001:2013 A.13.2.1, ISO 27001:2013 A.14.1.2, ISO 27001:2013 A.14.1.3"
Amazon_Redshift_Auditor.py,Redshift cluster,Is cluster audit logging enabled,NIST CSF DE.AE-3,"NIST SP 800-53 AU-6, NIST SP 800-53 CA-7, NIST SP 800-53 IR-4, NIST SP 800-53 IR-5, NIST SP 800-53 IR-8, NIST SP 800-53 SI-4",AICPA TSC CC7.2,"ISO 27001:2013 A.12.4.1, ISO 27001:2013 A.16.1.7"
Amazon_S3_Auditor.py,S3 Bucket,Is bucket encryption enabled,NIST CSF PR.DS-1,"NIST SP 800-53 MP-8, NIST SP 800-53 SC-12, NIST SP 800-53 SC-28",AICPA TSC CC6.1,ISO 27001:2013 A.8.2.3
Amazon_S3_Auditor.py,S3 Bucket,Is a bucket lifecycle enabled,"NIST CSF ID.BE-5, NIST CSF PR.PT-5","NIST SP 800-53 CP-2, NIST SP 800-53 CP-11, NIST SP 800-53 SA-13, NIST SP 800-53 SA14","AICPA TSC CC3.1, AICPA TSC A1.2","ISO 27001:2013 A.11.1.4, ISO 27001:2013 A.17.1.1, ISO 27001:2013 A.17.1.2, ISO 27001:2013 A.17.2.1"
Amazon_S3_Auditor.py,S3 Bucket,Is bucket versioning enabled,"NIST CSF ID.BE-5, NIST CSF PR.PT-5","NIST SP 800-53 CP-2, NIST SP 800-53 CP-11, NIST SP 800-53 SA-13, NIST SP 800-53 SA14","AICPA TSC CC3.1, AICPA TSC A1.2","ISO 27001:2013 A.11.1.4, ISO 27001:2013 A.17.1.1, ISO 27001:2013 A.17.1.2, ISO 27001:2013 A.17.2.1"
Amazon_S3_Auditor.py,S3 Bucket,Does the bucket policy allow public access,NIST CSF PR.AC-3,"NIST SP 800-53 AC-1, NIST SP 800-53 AC-17, NIST SP 800-53 AC-19, NIST SP 800-53 AC-20, NIST SP 800-53 SC-15",AICPA TSC CC6.6,"ISO 27001:2013 A.6.2.1, ISO 27001:2013 A.6.2.2, ISO 27001:2013 A.11.2.6, ISO 27001:2013 A.13.1.1, ISO 27001:2013 A.13.2.1"
Amazon_S3_Auditor.py,S3 Bucket,Does the bucket have a policy,NIST CSF PR.AC-3,"NIST SP 800-53 AC-1, NIST SP 800-53 AC-17, NIST SP 800-53 AC-19, NIST SP 800-53 AC-20, NIST SP 800-53 SC-15",AICPA TSC CC6.6,"ISO 27001:2013 A.6.2.1, ISO 27001:2013 A.6.2.2, ISO 27001:2013 A.11.2.6, ISO 27001:2013 A.13.1.1, ISO 27001:2013 A.13.2.1"
Amazon_S3_Auditor.py,S3 Bucket,Is server access logging enabled,NIST CSF DE.AE-3,"NIST SP 800-53 AU-6, NIST SP 800-53 CA-7, NIST SP 800-53 IR-4, NIST SP 800-53 IR-5, NIST SP 800-53 IR-8, NIST SP 800-53 SI-4",AICPA TSC CC7.2,"ISO 27001:2013 A.12.4.1, ISO 27001:2013 A.16.1.7"
Amazon_S3_Auditor.py,Account,Is account level public access block configured,NIST CSF PR.AC-3,"NIST SP 800-53 AC-1, NIST SP 800-53 AC-17, NIST SP 800-53 AC-19, NIST SP 800-53 AC-20, NIST SP 800-53 SC-15",AICPA TSC CC6.6,"ISO 27001:2013 A.6.2.1, ISO 27001:2013 A.6.2.2, ISO 27001:2013 A.11.2.6, ISO 27001:2013 A.13.1.1, ISO 27001:2013 A.13.2.1"
Amazon_SageMaker_Auditor.py,SageMaker Notebook,Is notebook encryption enabled,NIST CSF PR.DS-1,"NIST SP 800-53 MP-8, NIST SP 800-53 SC-12, NIST SP 800-53 SC-28",AICPA TSC CC6.1,ISO 27001:2013 A.8.2.3
Amazon_SageMaker_Auditor.py,SageMaker Notebook,Is notebook direct internet access enabled,NIST CSF PR.AC-5,"NIST SP 800-53 AC-4, NIST SP 800-53 AC-10, NIST SP 800-53 SC-7",AICPA TSC CC6.1,"ISO 27001:2013 A.13.1.1, ISO 27001:2013 A.13.1.3, ISO 27001:2013 A.13.2.1, ISO 27001:2013 A.14.1.2, ISO 27001:2013 A.14.1.3"
Amazon_SageMaker_Auditor.py,SageMaker Notebook,Is the notebook in a vpc,NIST CSF PR.AC-5,"NIST SP 800-53 AC-4, NIST SP 800-53 AC-10, NIST SP 800-53 SC-7",AICPA TSC CC6.1,"ISO 27001:2013 A.13.1.1, ISO 27001:2013 A.13.1.3, ISO 27001:2013 A.13.2.1, ISO 27001:2013 A.14.1.2, ISO 27001:2013 A.14.1.3"
Amazon_SageMaker_Auditor.py,SageMaker Endpoint,Is endpoint encryption enabled,NIST CSF PR.DS-1,"NIST SP 800-53 MP-8, NIST SP 800-53 SC-12, NIST SP 800-53 SC-28",AICPA TSC CC6.1,ISO 27001:2013 A.8.2.3
Amazon_SageMaker_Auditor.py,SageMaker Model,Is model network isolation enabled,NIST CSF PR.AC-5,"NIST SP 800-53 AC-4, NIST SP 800-53 AC-10, NIST SP 800-53 SC-7",AICPA TSC CC6.1,"ISO 27001:2013 A.13.1.1, ISO 27001:2013 A.13.1.3, ISO 27001:2013 A.13.2.1, ISO 27001:2013 A.14.1.2, ISO 27001:2013 A.14.1.3"
Amazon_Shield_Advanced_Auditor.py,Route53 Hosted Zone,Are Rt53 hosted zones protected by Shield Advanced,"NIST CSF ID.BE-5, NIST CSF PR.PT-5","NIST SP 800-53 CP-2, NIST SP 800-53 CP-7, NIST SP 800-53 CP-8, NIST SP 800-53 CP-11, NIST SP 800-53 CP-13, NIST SP 800-53 PL-8, NIST SP 800-53 SA-13, NIST SP 800-53 SA-14, NIST SP 800-53 SC-6","AICPA TSC A1.2, AICPA TSC CC3.1","ISO 27001:2013 A.11.1.4, ISO 27001:2013 A.17.1.1, ISO 27001:2013 A.17.1.2, ISO 27001:2013 A.17.2.1"
Amazon_Shield_Advanced_Auditor.py,Classic Load Balancer,Are CLBs protected by Shield Adv,"NIST CSF ID.BE-5, NIST CSF PR.PT-5","NIST SP 800-53 CP-2, NIST SP 800-53 CP-7, NIST SP 800-53 CP-8, NIST SP 800-53 CP-11, NIST SP 800-53 CP-13, NIST SP 800-53 PL-8, NIST SP 800-53 SA-13, NIST SP 800-53 SA-14, NIST SP 800-53 SC-6","AICPA TSC A1.2, AICPA TSC CC3.1","ISO 27001:2013 A.11.1.4, ISO 27001:2013 A.17.1.1, ISO 27001:2013 A.17.1.2, ISO 27001:2013 A.17.2.1"
Amazon_Shield_Advanced_Auditor.py,ELBv2 (ALB/NLB),Are ELBv2s protected by Shield Adv,"NIST CSF ID.BE-5, NIST CSF PR.PT-5","NIST SP 800-53 CP-2, NIST SP 800-53 CP-7, NIST SP 800-53 CP-8, NIST SP 800-53 CP-11, NIST SP 800-53 CP-13, NIST SP 800-53 PL-8, NIST SP 800-53 SA-13, NIST SP 800-53 SA-14, NIST SP 800-53 SC-6","AICPA TSC A1.2, AICPA TSC CC3.1","ISO 27001:2013 A.11.1.4, ISO 27001:2013 A.17.1.1, ISO 27001:2013 A.17.1.2, ISO 27001:2013 A.17.2.1"
Amazon_Shield_Advanced_Auditor.py,Elastic IP,Are EIPs protected by Shield Adv,"NIST CSF ID.BE-5, NIST CSF PR.PT-5","NIST SP 800-53 CP-2, NIST SP 800-53 CP-7, NIST SP 800-53 CP-8, NIST SP 800-53 CP-11, NIST SP 800-53 CP-13, NIST SP 800-53 PL-8, NIST SP 800-53 SA-13, NIST SP 800-53 SA-14, NIST SP 800-53 SC-6","AICPA TSC A1.2, AICPA TSC CC3.1","ISO 27001:2013 A.11.1.4, ISO 27001:2013 A.17.1.1, ISO 27001:2013 A.17.1.2, ISO 27001:2013 A.17.2.1"
Amazon_Shield_Advanced_Auditor.py,CloudFront Distribution,Are CF Distros protected by Shield Adv,"NIST CSF ID.BE-5, NIST CSF PR.PT-5","NIST SP 800-53 CP-2, NIST SP 800-53 CP-7, NIST SP 800-53 CP-8, NIST SP 800-53 CP-11, NIST SP 800-53 CP-13, NIST SP 800-53 PL-8, NIST SP 800-53 SA-13, NIST SP 800-53 SA-14, NIST SP 800-53 SC-6","AICPA TSC A1.2, AICPA TSC CC3.1","ISO 27001:2013 A.11.1.4, ISO 27001:2013 A.17.1.1, ISO 27001:2013 A.17.1.2, ISO 27001:2013 A.17.2.1"
Amazon_Shield_Advanced_Auditor.py,Account (DRT IAM Role),Does the DRT have account authz via IAM role,NIST CSF PR.AC-6,"NIST SP 800-53 AC-1, NIST SP 800-53 AC-2, NIST SP 800-53 AC-3, NIST SP 800-53 AC-16, NIST SP 800-53 AC-19, NIST SP 800-53 AC-24, NIST SP 800-53 IA-1, NIST SP 800-53 IA-2, NIST SP 800-53 IA-4, NIST SP 800-53 IA-5, NIST SP 800-53 IA-8, NIST SP 800-53 PE-2, NIST SP 800-53 PS-3",AICPA TSC CC6.1,"ISO 27001:2013 A.7.1.1, ISO 27001:2013 A.9.2.1"
Amazon_Shield_Advanced_Auditor.py,Account (DRT S3 Access),Does the DRT have access to WAF logs S3 buckets,NIST CSF PR.AC-6,"NIST SP 800-53 AC-1, NIST SP 800-53 AC-2, NIST SP 800-53 AC-3, NIST SP 800-53 AC-16, NIST SP 800-53 AC-19, NIST SP 800-53 AC-24, NIST SP 800-53 IA-1, NIST SP 800-53 IA-2, NIST SP 800-53 IA-4, NIST SP 800-53 IA-5, NIST SP 800-53 IA-8, NIST SP 800-53 PE-2, NIST SP 800-53 PS-3",AICPA TSC CC6.1,"ISO 27001:2013 A.7.1.1, ISO 27001:2013 A.9.2.1"
Amazon_Shield_Advanced_Auditor.py,Account (Shield subscription),Is Shield Adv subscription on auto renew,NIST CSF ID.AM-2,"NIST SP 800-53 CM-8, NIST SP 800-53 PM-5","AICPA TSC CC3.2, AICPA TSC CC6.1","ISO 27001:2013 A.8.1.1, ISO 27001:2013 A.8.1.2, ISO 27001:2013 A.12.5.1"
Amazon_SNS_Auditor.py,SNS Topic,Is the topic encrypted,NIST CSF PR.DS-1,"NIST SP 800-53 MP-8, NIST SP 800-53 SC-12, NIST SP 800-53 SC-28",AICPA TSC CC6.1,ISO 27001:2013 A.8.2.3
Amazon_SNS_Auditor.py,SNS Topic,Does the topic have plaintext (HTTP) subscriptions,NIST CSF ID.AM-2,"NIST SP 800-53 CM-8, NIST SP 800-53 PM-5","AICPA TSC CC3.2, AICPA TSC CC6.1","ISO 27001:2013 A.8.1.1, ISO 27001:2013 A.8.1.2, ISO 27001:2013 A.12.5.1"
Amazon_SNS_Auditor.py,SNS Topic,Does the topic allow public access,NIST CSF PR.AC-3,"NIST SP 800-53 AC-1, NIST SP 800-53 AC-17, NIST SP 800-53 AC-19, NIST SP 800-53 AC-20, NIST SP 800-53 SC-15",AICPA TSC CC6.6,"ISO 27001:2013 A.6.2.1, ISO 27001:2013 A.6.2.2, ISO 27001:2013 A.11.2.6, ISO 27001:2013 A.13.1.1, ISO 27001:2013 A.13.2.1"
Amazon_SNS_Auditor.py,SNS Topic,Does the topic allow cross-account access,NIST CSF PR.AC-3,"NIST SP 800-53 AC-1, NIST SP 800-53 AC-17, NIST SP 800-53 AC-19, NIST SP 800-53 AC-20, NIST SP 800-53 SC-15",AICPA TSC CC6.6,"ISO 27001:2013 A.6.2.1, ISO 27001:2013 A.6.2.2, ISO 27001:2013 A.11.2.6, ISO 27001:2013 A.13.1.1, ISO 27001:2013 A.13.2.1"
Amazon_VPC_Auditor.py,VPC,Is the default VPC out and about,NIST CSF PR.AC-5,"NIST SP 800-53 AC-4, NIST SP 800-53 AC-10, NIST SP 800-53 SC-7",AICPA TSC CC6.1,"ISO 27001:2013 A.13.1.1, ISO 27001:2013 A.13.1.3, ISO 27001:2013 A.13.2.1, ISO 27001:2013 A.14.1.2, ISO 27001:2013 A.14.1.3"
Amazon_VPC_Auditor.py,VPC,Is flow logging enabled,NIST CSF DE.AE-3,"NIST SP 800-53 AU-6, NIST SP 800-53 CA-7, NIST SP 800-53 IR-4, NIST SP 800-53 IR-5, NIST SP 800-53 IR-8, NIST SP 800-53 SI-4",AICPA TSC CC7.2,"ISO 27001:2013 A.12.4.1, ISO 27001:2013 A.16.1.7"
Amazon_WorkSpaces_Auditor.py,Workspace,Is user volume encrypted,NIST CSF PR.DS-1,"NIST SP 800-53 MP-8, NIST SP 800-53 SC-12, NIST SP 800-53 SC-28",AICPA TSC CC6.1,ISO 27001:2013 A.8.2.3
Amazon_WorkSpaces_Auditor.py,Workspace,Is root volume encrypted,NIST CSF PR.DS-1,"NIST SP 800-53 MP-8, NIST SP 800-53 SC-12, NIST SP 800-53 SC-28",AICPA TSC CC6.1,ISO 27001:2013 A.8.2.3
Amazon_WorkSpaces_Auditor.py,Workspace,Is running mode set to auto-off,NIST CSF ID.AM-2,"NIST SP 800-53 CM-8, NIST SP 800-53 PM-5","AICPA TSC CC3.2, AICPA TSC CC6.1","ISO 27001:2013 A.8.1.1, ISO 27001:2013 A.8.1.2, ISO 27001:2013 A.12.5.1"
Amazon_WorkSpaces_Auditor.py,DS Directory,Does directory allow default internet access,NIST CSF PR.AC-5,"NIST SP 800-53 AC-4, NIST SP 800-53 AC-10, NIST SP 800-53 SC-7",AICPA TSC CC6.1,"ISO 27001:2013 A.13.1.1, ISO 27001:2013 A.13.1.3, ISO 27001:2013 A.13.2.1, ISO 27001:2013 A.14.1.2, ISO 27001:2013 A.14.1.3"
AMI_Auditor.py,Amazon Machine Image (AMI),Are owned AMIs public,NIST CSF PR.AC-3,"NIST SP 800-53 AC-1, NIST SP 800-53 AC-17, NIST SP 800-53 AC-19, NIST SP 800-53 AC-20, NIST SP 800-53 SC-15",AICPA TSC CC6.6,"ISO 27001:2013 A.6.2.1, ISO 27001:2013 A.6.2.2, ISO 27001:2013 A.11.2.6, ISO 27001:2013 A.13.1.1, ISO 27001:2013 A.13.2.1"
AMI_Auditor.py,Amazon Machine Image (AMI),Are owned AMIs encrypted,NIST CSF PR.DS-1,"NIST SP 800-53 MP-8, NIST SP 800-53 SC-12, NIST SP 800-53 SC-28",AICPA TSC CC6.1,ISO 27001:2013 A.8.2.3
AWS_AppMesh_Auditor.py,App Mesh mesh,Does the mesh egress filter DROP_ALL,NIST CSF PR.AC-3,"NIST SP 800-53 AC-1, NIST SP 800-53 AC-17, NIST SP 800-53 AC-19, NIST SP 800-53 AC-20, NIST SP 800-53 SC-15",AICPA TSC CC6.6,"ISO 27001:2013 A.6.2.1, ISO 27001:2013 A.6.2.2, ISO 27001:2013 A.11.2.6, ISO 27001:2013 A.13.1.1, ISO 27001:2013 A.13.2.1"
AWS_AppMesh_Auditor.py,App Mesh virtual node,Does the backend default client policy enforce TLS,NIST CSF PR.DS-2,"NIST SP 800-53 SC-8, NIST SP 800-53 SC-11, NIST SP 800-53 SC-12",AICPA TSC CC6.1,"ISO 27001:2013 A.8.2.3, ISO 27001:2013 A.13.1.1, ISO 27001:2013 A.13.2.1, ISO 27001:2013 A.13.2.3, ISO 27001:2013 A.14.1.2, ISO 27001:2013 A.14.1.3"
AWS_AppMesh_Auditor.py,App Mesh virtual node,Do virtual node backends have STRICT TLS mode configured for inbound connections,NIST CSF PR.DS-2,"NIST SP 800-53 SC-8, NIST SP 800-53 SC-11, NIST SP 800-53 SC-12",AICPA TSC CC6.1,"ISO 27001:2013 A.8.2.3, ISO 27001:2013 A.13.1.1, ISO 27001:2013 A.13.2.1, ISO 27001:2013 A.13.2.3, ISO 27001:2013 A.14.1.2, ISO 27001:2013 A.14.1.3"
AWS_AppMesh_Auditor.py,App Mesh virtual node,Do virtual nodes have an HTTP access log location defined,NIST CSF DE.AE-3,"NIST SP 800-53 AU-6, NIST SP 800-53 CA-7, NIST SP 800-53 IR-4, NIST SP 800-53 IR-5, NIST SP 800-53 IR-8, NIST SP 800-53 SI-4",AICPA TSC CC7.2,"ISO 27001:2013 A.12.4.1, ISO 27001:2013 A.16.1.7"
AWS_Backup_Auditor.py,EC2 Instance,Are EC2 instances backed up,"NIST CSF ID.BE-5, NIST CSF PR.PT-5","NIST SP 800-53 CP-2, NIST SP 800-53 CP-11, NIST SP 800-53 SA-13, NIST SP 800-53 SA14","AICPA TSC CC3.1, AICPA TSC A1.2","ISO 27001:2013 A.11.1.4, ISO 27001:2013 A.17.1.1, ISO 27001:2013 A.17.1.2, ISO 27001:2013 A.17.2.1"
AWS_Backup_Auditor.py,EBS Volume,Are EBS volumes backed up,"NIST CSF ID.BE-5, NIST CSF PR.PT-5","NIST SP 800-53 CP-2, NIST SP 800-53 CP-11, NIST SP 800-53 SA-13, NIST SP 800-53 SA14","AICPA TSC CC3.1, AICPA TSC A1.2","ISO 27001:2013 A.11.1.4, ISO 27001:2013 A.17.1.1, ISO 27001:2013 A.17.1.2, ISO 27001:2013 A.17.2.1"
AWS_Backup_Auditor.py,DynamoDB tables,Are DynamoDB tables backed up,"NIST CSF ID.BE-5, NIST CSF PR.PT-5","NIST SP 800-53 CP-2, NIST SP 800-53 CP-11, NIST SP 800-53 SA-13, NIST SP 800-53 SA14","AICPA TSC CC3.1, AICPA TSC A1.2","ISO 27001:2013 A.11.1.4, ISO 27001:2013 A.17.1.1, ISO 27001:2013 A.17.1.2, ISO 27001:2013 A.17.2.1"
AWS_Backup_Auditor.py,RDS DB Instance,Are RDS DB instances backed up,"NIST CSF ID.BE-5, NIST CSF PR.PT-5","NIST SP 800-53 CP-2, NIST SP 800-53 CP-11, NIST SP 800-53 SA-13, NIST SP 800-53 SA14","AICPA TSC CC3.1, AICPA TSC A1.2","ISO 27001:2013 A.11.1.4, ISO 27001:2013 A.17.1.1, ISO 27001:2013 A.17.1.2, ISO 27001:2013 A.17.2.1"
AWS_Backup_Auditor.py,EFS File System,Are EFS file systems backed up,"NIST CSF ID.BE-5, NIST CSF PR.PT-5","NIST SP 800-53 CP-2, NIST SP 800-53 CP-11, NIST SP 800-53 SA-13, NIST SP 800-53 SA14","AICPA TSC CC3.1, AICPA TSC A1.2","ISO 27001:2013 A.11.1.4, ISO 27001:2013 A.17.1.1, ISO 27001:2013 A.17.1.2, ISO 27001:2013 A.17.2.1"
AWS_CloudFormation_Auditor.py,CloudFormation Stack,Is drift detection enabled,NIST CSF PR.MA-1,"NIST SP 800-53 MA-2, NIST SP 800-53 MA-3, NIST SP 800-53 MA-5, NIST SP 800-53 MA-6",AICPA TSC CC8.1,"ISO 27001:2013 A.11.1.2, ISO 27001:2013 A.11.2.4, ISO 27001:2013 A.11.2.5, ISO 27001:2013 A.11.2.6"
AWS_CloudFormation_Auditor.py,CloudFormation Stack,Are stacks monitored,NIST CSF DE.AE-3,"NIST SP 800-53 AU-6, NIST SP 800-53 CA-7, NIST SP 800-53 IR-4, NIST SP 800-53 IR-5, NIST SP 800-53 IR-8, NIST SP 800-53 SI-4",AICPA TSC CC7.2,"ISO 27001:2013 A.12.4.1, ISO 27001:2013 A.16.1.7"
AWS_CloudTrail_Auditor.py,CloudTrail,Is the trail multi-region,NIST CSF DE.AE-3,"NIST SP 800-53 AU-6, NIST SP 800-53 CA-7, NIST SP 800-53 IR-4, NIST SP 800-53 IR-5, NIST SP 800-53 IR-8, NIST SP 800-53 SI-4",AICPA TSC CC7.2,"ISO 27001:2013 A.12.4.1, ISO 27001:2013 A.16.1.7"
AWS_CloudTrail_Auditor.py,CloudTrail,Does the trail send logs to CWL,NIST CSF DE.AE-3,"NIST SP 800-53 AU-6, NIST SP 800-53 CA-7, NIST SP 800-53 IR-4, NIST SP 800-53 IR-5, NIST SP 800-53 IR-8, NIST SP 800-53 SI-4",AICPA TSC CC7.2,"ISO 27001:2013 A.12.4.1, ISO 27001:2013 A.16.1.7"
AWS_CloudTrail_Auditor.py,CloudTrail,Is the trail encrypted by KMS,NIST CSF PR.DS-1,"NIST SP 800-53 MP-8, NIST SP 800-53 SC-12, NIST SP 800-53 SC-28",AICPA TSC CC6.1,ISO 27001:2013 A.8.2.3
AWS_CloudTrail_Auditor.py,CloudTrail,Are global/management events logged,NIST CSF DE.AE-3,"NIST SP 800-53 AU-6, NIST SP 800-53 CA-7, NIST SP 800-53 IR-4, NIST SP 800-53 IR-5, NIST SP 800-53 IR-8, NIST SP 800-53 SI-4",AICPA TSC CC7.2,"ISO 27001:2013 A.12.4.1, ISO 27001:2013 A.16.1.7"
AWS_CloudTrail_Auditor.py,CloudTrail,Is log file validation enabled,NIST CSF PR.DS-6,"NIST SP 800-53 SC-16, NIST SP 800-53 SI-7",AICPA TSC CC7.1,"ISO 27001:2013 A.12.2.1, ISO 27001:2013 A.12.5.1, ISO 27001:2013 A.14.1.2, ISO 27001:2013 A.14.1.3, ISO 27001:2013 A.14.2.4"
AWS_CodeBuild_Auditor.py,CodeBuild project,Is artifact encryption enabled,NIST CSF PR.DS-1,"NIST SP 800-53 MP-8, NIST SP 800-53 SC-12, NIST SP 800-53 SC-28",AICPA TSC CC6.1,ISO 27001:2013 A.8.2.3
AWS_CodeBuild_Auditor.py,CodeBuild project,Is Insecure SSL enabled,NIST CSF PR.DS-2,"NIST SP 800-53 SC-8, NIST SP 800-53 SC-11, NIST SP 800-53 SC-12",AICPA TSC CC6.1,"ISO 27001:2013 A.8.2.3, ISO 27001:2013 A.13.1.1, ISO 27001:2013 A.13.2.1, ISO 27001:2013 A.13.2.3, ISO 27001:2013 A.14.1.2, ISO 27001:2013 A.14.1.3"
AWS_CodeBuild_Auditor.py,CodeBuild project,Are plaintext environmental variables used,NIST CSF PR.AC-1,"NIST SP 800-53 AC-1, NIST SP 800-53 AC-2, NIST SP 800-53 IA-1, NIST SP 800-53 IA-2, NIST SP 800-53 IA-3, NIST SP 800-53 IA-4, NIST SP 800-53 IA-5, NIST SP 800-53 IA-6, NIST SP 800-53 IA-7, NIST SP 800-53 IA-8, NIST SP 800-53 IA-9, NIST SP 800-53 IA-10, NIST SP 800-53 IA-11","AICPA TSC CC6.1, AICPA TSC CC6.2","ISO 27001:2013 A.9.2.1, ISO 27001:2013 A.9.2.2, ISO 27001:2013 A.9.2.3, ISO 27001:2013 A.9.2.4, ISO 27001:2013 A.9.2.6, ISO 27001:2013 A.9.3.1, ISO 27001:2013 A.9.4.2, ISO 27001:2013 A.9.4.3"
AWS_CodeBuild_Auditor.py,CodeBuild project,Is S3 logging encryption enabled,NIST CSF PR.DS-1,"NIST SP 800-53 MP-8, NIST SP 800-53 SC-12, NIST SP 800-53 SC-28",AICPA TSC CC6.1,ISO 27001:2013 A.8.2.3
AWS_CodeBuild_Auditor.py,CodeBuild project,Is CloudWatch logging enabled,NIST CSF DE.AE-3,"NIST SP 800-53 AU-6, NIST SP 800-53 CA-7, NIST SP 800-53 IR-4, NIST SP 800-53 IR-5, NIST SP 800-53 IR-8, NIST SP 800-53 SI-4",AICPA TSC CC7.2,"ISO 27001:2013 A.12.4.1, ISO 27001:2013 A.16.1.7"
AWS_Directory_Service_Auditor.py,DS Directory,Is RADIUS enabled,NIST CSF PR.AC-6,"NIST SP 800-53 AC-1, NIST SP 800-53 AC-2, NIST SP 800-53 AC-3, NIST SP 800-53 AC-16, NIST SP 800-53 AC-19, NIST SP 800-53 AC-24, NIST SP 800-53 IA-1, NIST SP 800-53 IA-2, NIST SP 800-53 IA-4, NIST SP 800-53 IA-5, NIST SP 800-53 IA-8, NIST SP 800-53 PE-2, NIST SP 800-53 PS-3",AICPA TSC CC6.1,"ISO 27001:2013 A.7.1.1, ISO 27001:2013 A.9.2.1"
AWS_Directory_Service_Auditor.py,DS Directory,Is CloudWatch log forwarding enabled,NIST CSF DE.AE-3,"NIST SP 800-53 AU-6, NIST SP 800-53 CA-7, NIST SP 800-53 IR-4, NIST SP 800-53 IR-5, NIST SP 800-53 IR-8, NIST SP 800-53 SI-4",AICPA TSC CC7.2,"ISO 27001:2013 A.12.4.1, ISO 27001:2013 A.16.1.7"
AWS_DMS_Auditor.py,DMS Replication Instance,Are DMS instances publicly accessible,NIST CSF PR.AC-3,"NIST SP 800-53 AC-1, NIST SP 800-53 AC-17, NIST SP 800-53 AC-19, NIST SP 800-53 AC-20, NIST SP 800-53 SC-15",AICPA TSC CC6.6,"ISO 27001:2013 A.6.2.1, ISO 27001:2013 A.6.2.2, ISO 27001:2013 A.11.2.6, ISO 27001:2013 A.13.1.1, ISO 27001:2013 A.13.2.1"
AWS_DMS_Auditor.py,DMS Replication Instance,Is DMS multi-az configured,"NIST CSF ID.BE-5, NIST CSF PR.PT-5","NIST SP 800-53 CP-2, NIST SP 800-53 CP-11, NIST SP 800-53 SA-13, NIST SP 800-53 SA14","AICPA TSC CC3.1, AICPA TSC A1.2","ISO 27001:2013 A.11.1.4, ISO 27001:2013 A.17.1.1, ISO 27001:2013 A.17.1.2, ISO 27001:2013 A.17.2.1"
AWS_DMS_Auditor.py,DMS Replication Instance,Are minor version updates configured,NIST CSF PR.MA-1,"NIST SP 800-53 MA-2, NIST SP 800-53 MA-3, NIST SP 800-53 MA-5, NIST SP 800-53 MA-6",AICPA TSC CC8.1,"ISO 27001:2013 A.11.1.2, ISO 27001:2013 A.11.2.4, ISO 27001:2013 A.11.2.5, ISO 27001:2013 A.11.2.6"
AWS_Glue_Auditor.py,Glue Crawler,Is S3 encryption configured for the crawler,NIST CSF PR.DS-1,"NIST SP 800-53 MP-8, NIST SP 800-53 SC-12, NIST SP 800-53 SC-28",AICPA TSC CC6.1,ISO 27001:2013 A.8.2.3
AWS_Glue_Auditor.py,Glue Crawler,Is CWL encryption configured for the crawler,NIST CSF PR.DS-1,"NIST SP 800-53 MP-8, NIST SP 800-53 SC-12, NIST SP 800-53 SC-28",AICPA TSC CC6.1,ISO 27001:2013 A.8.2.3
AWS_Glue_Auditor.py,Glue Crawler,Is job bookmark encryption configured for the crawler,NIST CSF PR.DS-1,"NIST SP 800-53 MP-8, NIST SP 800-53 SC-12, NIST SP 800-53 SC-28",AICPA TSC CC6.1,ISO 27001:2013 A.8.2.3
AWS_Glue_Auditor.py,Glue Data Catalog,Is data catalog encryption configured,NIST CSF PR.DS-1,"NIST SP 800-53 MP-8, NIST SP 800-53 SC-12, NIST SP 800-53 SC-28",AICPA TSC CC6.1,ISO 27001:2013 A.8.2.3
AWS_Glue_Auditor.py,Glue Data Catalog,Is connection password encryption configured,NIST CSF PR.DS-1,"NIST SP 800-53 MP-8, NIST SP 800-53 SC-12, NIST SP 800-53 SC-28",AICPA TSC CC6.1,ISO 27001:2013 A.8.2.3
AWS_Glue_Auditor.py,Glue Data Catalog,Is a resource policy configured,NIST CSF PR.AC-1,"NIST SP 800-53 AC-1, NIST SP 800-53 AC-2, NIST SP 800-53 IA-1, NIST SP 800-53 IA-2, NIST SP 800-53 IA-3, NIST SP 800-53 IA-4, NIST SP 800-53 IA-5, NIST SP 800-53 IA-6, NIST SP 800-53 IA-7, NIST SP 800-53 IA-8, NIST SP 800-53 IA-9, NIST SP 800-53 IA-10, NIST SP 800-53 IA-11","AICPA TSC CC6.1, AICPA TSC CC6.2","ISO 27001:2013 A.9.2.1, ISO 27001:2013 A.9.2.2, ISO 27001:2013 A.9.2.3, ISO 27001:2013 A.9.2.4, ISO 27001:2013 A.9.2.6, ISO 27001:2013 A.9.3.1, ISO 27001:2013 A.9.4.2, ISO 27001:2013 A.9.4.3"
AWS_IAM_Auditor.py,IAM Access Key,Are access keys over 90 days old,NIST CSF PR.AC-1,"NIST SP 800-53 AC-1, NIST SP 800-53 AC-2, NIST SP 800-53 IA-1, NIST SP 800-53 IA-2,
NIST SP 800-53 IA-3, NIST SP 800-53 IA-4, NIST SP 800-53 IA-5, NIST SP 800-53 IA-6, NIST SP 800-53 IA-7, NIST SP 800-53 IA-8, NIST SP 800-53 IA-9, NIST SP 800-53 IA-10,
NIST SP 800-53 IA-11","AICPA TSC CC6.1, AICPA TSC CC6.2","ISO 27001:2013 A.9.2.1, ISO 27001:2013 A.9.2.2, ISO 27001:2013 A.9.2.3, ISO 27001:2013 A.9.2.4, ISO 27001:2013 A.9.2.6, ISO 27001:2013 A.9.3.1, ISO 27001:2013 A.9.4.2, ISO 27001:2013 A.9.4.3"
AWS_IAM_Auditor.py,IAM User,Do users have permissions boundaries,NIST CSF PR.AC-4,"NIST SP 800-53 AC-1, NIST SP 800-53 AC-2, NIST SP 800-53 AC-3, NIST SP 800-53 AC-5, NIST SP 800-53 AC-6, NIST SP 800-53 AC-14, NIST SP 800-53 AC-16, NIST SP 800-53 AC-24",AICPA TSC CC6.3,"ISO 27001:2013 A.6.1.2, ISO 27001:2013 A.9.1.2, ISO 27001:2013 A.9.2.3, ISO 27001:2013 A.9.4.1, ISO 27001:2013 A.9.4.4, ISO 27001:2013 A.9.4.5"
AWS_IAM_Auditor.py,IAM User,Do users have MFA,NIST CSF PR.AC-1,"NIST SP 800-53 AC-1, NIST SP 800-53 AC-2, NIST SP 800-53 IA-1, NIST SP 800-53 IA-2,
NIST SP 800-53 IA-3, NIST SP 800-53 IA-4, NIST SP 800-53 IA-5, NIST SP 800-53 IA-6, NIST SP 800-53 IA-7, NIST SP 800-53 IA-8, NIST SP 800-53 IA-9, NIST SP 800-53 IA-10,
NIST SP 800-53 IA-11","AICPA TSC CC6.1, AICPA TSC CC6.2","ISO 27001:2013 A.9.2.1, ISO 27001:2013 A.9.2.2, ISO 27001:2013 A.9.2.3, ISO 27001:2013 A.9.2.4, ISO 27001:2013 A.9.2.6, ISO 27001:2013 A.9.3.1, ISO 27001:2013 A.9.4.2, ISO 27001:2013 A.9.4.3"
AWS_IAM_Auditor.py,IAM User,Do users have in-line policies attached,NIST CSF PR.AC-1,"NIST SP 800-53 AC-1, NIST SP 800-53 AC-2, NIST SP 800-53 IA-1, NIST SP 800-53 IA-2,
NIST SP 800-53 IA-3, NIST SP 800-53 IA-4, NIST SP 800-53 IA-5, NIST SP 800-53 IA-6, NIST SP 800-53 IA-7, NIST SP 800-53 IA-8, NIST SP 800-53 IA-9, NIST SP 800-53 IA-10,
NIST SP 800-53 IA-11","AICPA TSC CC6.1, AICPA TSC CC6.2","ISO 27001:2013 A.9.2.1, ISO 27001:2013 A.9.2.2, ISO 27001:2013 A.9.2.3, ISO 27001:2013 A.9.2.4, ISO 27001:2013 A.9.2.6, ISO 27001:2013 A.9.3.1, ISO 27001:2013 A.9.4.2, ISO 27001:2013 A.9.4.3"
AWS_IAM_Auditor.py,IAM User,Do users have managed policies attached,NIST CSF PR.AC-1,"NIST SP 800-53 AC-1, NIST SP 800-53 AC-2, NIST SP 800-53 IA-1, NIST SP 800-53 IA-2,
NIST SP 800-53 IA-3, NIST SP 800-53 IA-4, NIST SP 800-53 IA-5, NIST SP 800-53 IA-6, NIST SP 800-53 IA-7, NIST SP 800-53 IA-8, NIST SP 800-53 IA-9, NIST SP 800-53 IA-10,
NIST SP 800-53 IA-11","AICPA TSC CC6.1, AICPA TSC CC6.2","ISO 27001:2013 A.9.2.1, ISO 27001:2013 A.9.2.2, ISO 27001:2013 A.9.2.3, ISO 27001:2013 A.9.2.4, ISO 27001:2013 A.9.2.6, ISO 27001:2013 A.9.3.1, ISO 27001:2013 A.9.4.2, ISO 27001:2013 A.9.4.3"
AWS_IAM_Auditor.py,Password policy (Account),Does the IAM password policy meet or exceed AWS CIS Foundations Benchmark standards,NIST CSF PR.AC-1,"NIST SP 800-53 AC-1, NIST SP 800-53 AC-2, NIST SP 800-53 IA-1, NIST SP 800-53 IA-2,
NIST SP 800-53 IA-3, NIST SP 800-53 IA-4, NIST SP 800-53 IA-5, NIST SP 800-53 IA-6, NIST SP 800-53 IA-7, NIST SP 800-53 IA-8, NIST SP 800-53 IA-9, NIST SP 800-53 IA-10,
NIST SP 800-53 IA-11","AICPA TSC CC6.1, AICPA TSC CC6.2","ISO 27001:2013 A.9.2.1, ISO 27001:2013 A.9.2.2, ISO 27001:2013 A.9.2.3, ISO 27001:2013 A.9.2.4, ISO 27001:2013 A.9.2.6, ISO 27001:2013 A.9.3.1, ISO 27001:2013 A.9.4.2, ISO 27001:2013 A.9.4.3"
AWS_IAM_Auditor.py,Server certs (Account),Are they any Server certificates stored by IAM,NIST CSF PR.AC-1,"NIST SP 800-53 AC-1, NIST SP 800-53 AC-2, NIST SP 800-53 IA-1, NIST SP 800-53 IA-2,
NIST SP 800-53 IA-3, NIST SP 800-53 IA-4, NIST SP 800-53 IA-5, NIST SP 800-53 IA-6, NIST SP 800-53 IA-7, NIST SP 800-53 IA-8, NIST SP 800-53 IA-9, NIST SP 800-53 IA-10,
NIST SP 800-53 IA-11","AICPA TSC CC6.1, AICPA TSC CC6.2","ISO 27001:2013 A.9.2.1, ISO 27001:2013 A.9.2.2, ISO 27001:2013 A.9.2.3, ISO 27001:2013 A.9.2.4, ISO 27001:2013 A.9.2.6, ISO 27001:2013 A.9.3.1, ISO 27001:2013 A.9.4.2, ISO 27001:2013 A.9.4.3"
AWS_Lambda_Auditor.py,Lambda function,Has function been used or updated in the last 30 days ,NIST CSF ID.AM-2,"NIST SP 800-53 CM-8, NIST SP 800-53 PM-5","AICPA TSC CC3.2, AICPA TSC CC6.1","ISO 27001:2013 A.8.1.1, ISO 27001:2013 A.8.1.2, ISO 27001:2013 A.12.5.1"
AWS_License_Manager_Auditor,License Manager configuration,Do LM configurations enforce a hard limit on license consumption,NIST CSF ID.AM-2,"NIST SP 800-53 CM-8, NIST SP 800-53 PM-5","AICPA TSC CC3.2, AICPA TSC CC6.1","A.8.1.1, A.8.1.2, A.12.5.1"
AWS_Secrets_Manager_Auditor.py,Secrets Manager secret,Is the secret over 90 days old,NIST CSF PR.AC-1,"NIST SP 800-53 AC-1, NIST SP 800-53 AC-2, NIST SP 800-53 IA-1, NIST SP 800-53 IA-2, NIST SP 800-53 IA-3, NIST SP 800-53 IA-4, NIST SP 800-53 IA-5, NIST SP 800-53 IA-6, NIST SP 800-53 IA-7, NIST SP 800-53 IA-8, NIST SP 800-53 IA-9, NIST SP 800-53 IA-10, NIST SP 800-53 IA-11",AICPA TSC CC6.1,"ISO 27001:2013 A.9.2.1, ISO 27001:2013 A.9.2.2, ISO 27001:2013 A.9.2.3, ISO 27001:2013 A.9.2.4, ISO 27001:2013 A.9.2.6, ISO 27001:2013 A.9.3.1, ISO 27001:2013 A.9.4.2, ISO 27001:2013 A.9.4.3"
AWS_Secrets_Manager_Auditor.py,Secrets Manager secret,Is secret auto-rotation enabled,NIST CSF PR.AC-1,"NIST SP 800-53 AC-1, NIST SP 800-53 AC-2, NIST SP 800-53 IA-1, NIST SP 800-53 IA-2, NIST SP 800-53 IA-3, NIST SP 800-53 IA-4, NIST SP 800-53 IA-5, NIST SP 800-53 IA-6, NIST SP 800-53 IA-7, NIST SP 800-53 IA-8, NIST SP 800-53 IA-9, NIST SP 800-53 IA-10, NIST SP 800-53 IA-11",AICPA TSC CC6.1,"ISO 27001:2013 A.9.2.1, ISO 27001:2013 A.9.2.2, ISO 27001:2013 A.9.2.3, ISO 27001:2013 A.9.2.4, ISO 27001:2013 A.9.2.6, ISO 27001:2013 A.9.3.1, ISO 27001:2013 A.9.4.2, ISO 27001:2013 A.9.4.3"
AWS_Security_Hub_Auditor.py,Security Hub (Account),Are there active high or critical findings in Security Hub,NIST CSF DE.AE-2,"NIST SP 800-53 AU-6, NIST SP 800-53 CA-7, NIST SP 800-53 IR-4, NIST SP 800-53 SI-4",AICPA TSC 7.2,"ISO 27001:2013 A.12.4.1, ISO 27001:2013 A.16.1.1, ISO 27001:2013 A.16.1.4"
AWS_Security_Services_Auditor.py,IAM Access Analyzer (Account),Is IAM Access Analyzer enabled,NIST CSF DE.AE-2,"NIST SP 800-53 AU-6, NIST SP 800-53 CA-7, NIST SP 800-53 IR-4, NIST SP 800-53 SI-4",AICPA TSC 7.2,"ISO 27001:2013 A.12.4.1, ISO 27001:2013 A.16.1.1, ISO 27001:2013 A.16.1.4"
AWS_Security_Services_Auditor.py,GuardDuty (Account),Is GuardDuty enabled,NIST CSF DE.AE-2,"NIST SP 800-53 AU-6, NIST SP 800-53 CA-7, NIST SP 800-53 IR-4, NIST SP 800-53 SI-4",AICPA TSC 7.2,"ISO 27001:2013 A.12.4.1, ISO 27001:2013 A.16.1.1, ISO 27001:2013 A.16.1.4"
AWS_Security_Services_Auditor.py,Detective (Account),Is Detective enabled,NIST CSF DE.AE-2,"NIST SP 800-53 AU-6, NIST SP 800-53 CA-7, NIST SP 800-53 IR-4, NIST SP 800-53 SI-4",AICPA TSC 7.2,"ISO 27001:2013 A.12.4.1, ISO 27001:2013 A.16.1.1, ISO 27001:2013 A.16.1.4"
Shodan_Auditor.py,EC2 Instance,Are EC2 instances w/ public IPs indexed,"NIST CSF ID.RA-2, NIST CSF DE.AE-2","NIST SP 800-53 AU-6, NIST SP 800-53 CA-7, NIST SP 800-53 IR-4, NIST SP 800-53 PM-15, NIST SP 800-53 PM-16, NIST SP 800-53 SI-4 , NIST SP 800-53 SI-5","AICPA TSC CC3.2, AICPA TSC CC7.2","ISO 27001:2013 A.6.1.4, ISO 27001:2013 A.12.4.1, ISO 27001:2013 A.16.1.1, ISO 27001:2013 A.16.1.4"
Shodan_Auditor.py,ELBv2 (ALB),Are internet-facing ALBs indexed,"NIST CSF ID.RA-2, NIST CSF DE.AE-2","NIST SP 800-53 AU-6, NIST SP 800-53 CA-7, NIST SP 800-53 IR-4, NIST SP 800-53 PM-15, NIST SP 800-53 PM-16, NIST SP 800-53 SI-4 , NIST SP 800-53 SI-5","AICPA TSC CC3.2, AICPA TSC CC7.2","ISO 27001:2013 A.6.1.4, ISO 27001:2013 A.12.4.1, ISO 27001:2013 A.16.1.1, ISO 27001:2013 A.16.1.4"
Shodan_Auditor.py,RDS Instance,Are public accessible RDS instances indexed,"NIST CSF ID.RA-2, NIST CSF DE.AE-2","NIST SP 800-53 AU-6, NIST SP 800-53 CA-7, NIST SP 800-53 IR-4, NIST SP 800-53 PM-15, NIST SP 800-53 PM-16, NIST SP 800-53 SI-4 , NIST SP 800-53 SI-5","AICPA TSC CC3.2, AICPA TSC CC7.2","ISO 27001:2013 A.6.1.4, ISO 27001:2013 A.12.4.1, ISO 27001:2013 A.16.1.1, ISO 27001:2013 A.16.1.4"
Shodan_Auditor.py,Elasticsearch Domain,Are ES Domains outside a VPC indexed,"NIST CSF ID.RA-2, NIST CSF DE.AE-2","NIST SP 800-53 AU-6, NIST SP 800-53 CA-7, NIST SP 800-53 IR-4, NIST SP 800-53 PM-15, NIST SP 800-53 PM-16, NIST SP 800-53 SI-4 , NIST SP 800-53 SI-5","AICPA TSC CC3.2, AICPA TSC CC7.2","ISO 27001:2013 A.6.1.4, ISO 27001:2013 A.12.4.1, ISO 27001:2013 A.16.1.1, ISO 27001:2013 A.16.1.4"
Shodan_Auditor.py,ELB (CLB),Are internet-facing CLBs indexed,"NIST CSF ID.RA-2, NIST CSF DE.AE-2","NIST SP 800-53 AU-6, NIST SP 800-53 CA-7, NIST SP 800-53 IR-4, NIST SP 800-53 PM-15, NIST SP 800-53 PM-16, NIST SP 800-53 SI-4 , NIST SP 800-53 SI-5","AICPA TSC CC3.2, AICPA TSC CC7.2","ISO 27001:2013 A.6.1.4, ISO 27001:2013 A.12.4.1, ISO 27001:2013 A.16.1.1, ISO 27001:2013 A.16.1.4"
Shodan_Auditor.py,DMS Replication Instance,Are public accessible DMS instances indexed,"NIST CSF ID.RA-2, NIST CSF DE.AE-2","NIST SP 800-53 AU-6, NIST SP 800-53 CA-7, NIST SP 800-53 IR-4, NIST SP 800-53 PM-15, NIST SP 800-53 PM-16, NIST SP 800-53 SI-4 , NIST SP 800-53 SI-5","AICPA TSC CC3.2, AICPA TSC CC7.2","ISO 27001:2013 A.6.1.4, ISO 27001:2013 A.12.4.1, ISO 27001:2013 A.16.1.1, ISO 27001:2013 A.16.1.4"
Shodan_Auditor.py,Amazon MQ message broker,Are public accessible message brokers indexed,"NIST CSF ID.RA-2, NIST CSF DE.AE-2","NIST SP 800-53 AU-6, NIST SP 800-53 CA-7, NIST SP 800-53 IR-4, NIST SP 800-53 PM-15, NIST SP 800-53 PM-16, NIST SP 800-53 SI-4 , NIST SP 800-53 SI-5","AICPA TSC CC3.2, AICPA TSC CC7.2","ISO 27001:2013 A.6.1.4, ISO 27001:2013 A.12.4.1, ISO 27001:2013 A.16.1.1, ISO 27001:2013 A.16.1.4"
,,,,,"AICPA TSC CC3.2, AICPA TSC CC7.2",
